id,Flow_ID,Src_IP,Src_Port,Dst_IP,Dst_Port,Protocol,Timestamp,Flow_Duration,Total_Fwd_Packet,Total_Bwd_packets,Total_Length_of_Fwd_Packet,Total_Length_of_Bwd_Packet,Fwd_Packet_Length_Max,Fwd_Packet_Length_Min,Fwd_Packet_Length_Mean,Fwd_Packet_Length_Std,Bwd_Packet_Length_Max,Bwd_Packet_Length_Min,Bwd_Packet_Length_Mean,Bwd_Packet_Length_Std,Flow_Bytes/s,Flow_Packets/s,Flow_IAT_Mean,Flow_IAT_Std,Flow_IAT_Max,Flow_IAT_Min,Fwd_IAT_Total,Fwd_IAT_Mean,Fwd_IAT_Std,Fwd_IAT_Max,Fwd_IAT_Min,Bwd_IAT_Total,Bwd_IAT_Mean,Bwd_IAT_Std,Bwd_IAT_Max,Bwd_IAT_Min,Fwd_PSH_Flags,Bwd_PSH_Flags,Fwd_URG_Flags,Bwd_URG_Flags,Fwd_RST_Flags,Bwd_RST_Flags,Fwd_Header_Length,Bwd_Header_Length,Fwd_Packets/s,Bwd_Packets/s,Packet_Length_Min,Packet_Length_Max,Packet_Length_Mean,Packet_Length_Std,Packet_Length_Variance,FIN_Flag_Count,SYN_Flag_Count,RST_Flag_Count,PSH_Flag_Count,ACK_Flag_Count,URG_Flag_Count,CWR_Flag_Count,ECE_Flag_Count,Down/Up_Ratio,Average_Packet_Size,Fwd_Segment_Size_Avg,Bwd_Segment_Size_Avg,Fwd_Bytes/Bulk_Avg,Fwd_Packet/Bulk_Avg,Fwd_Bulk_Rate_Avg,Bwd_Bytes/Bulk_Avg,Bwd_Packet/Bulk_Avg,Bwd_Bulk_Rate_Avg,Subflow_Fwd_Packets,Subflow_Fwd_Bytes,Subflow_Bwd_Packets,Subflow_Bwd_Bytes,FWD_Init_Win_Bytes,Bwd_Init_Win_Bytes,Fwd_Act_Data_Pkts,Fwd_Seg_Size_Min,Active_Mean,Active_Std,Active_Max,Active_Min,Idle_Mean,Idle_Std,Idle_Max,Idle_Min,ICMP_Code,ICMP_Type,Total_TCP_Flow_Time,Label,Attempted_Category
-1.7320476443379698,192.168.10.50-192.168.10.3-56108-3268-6,192.168.10.50,0.5579336971921847,192.168.10.3,0.051359593779158524,-0.7232493275194589,2017-07-07 11:59:50.315195,3.9660817945660862,0.03588085371359859,0.007496840302176043,1.966563382659863,-0.00660401461335692,0.5507579169805267,-0.4844876123523648,1.5567857644365766,0.989345741242623,-0.5106582422709038,0.4782980586453983,-0.5026199259419138,-0.4965478017276544,-0.10140954710865682,-0.25610093088665037,0.6157069506197292,0.9128945267638309,1.0516935341344336,-0.027531334825367064,3.9714284721411177,0.2885332890878576,1.6834229153949845,1.0541467897414,-0.09998058232119247,4.028906098840478,0.7985250423130953,2.1712902299420653,1.16552506960762,-0.10587682666433705,3.541864084954809,0.9660579180491948,0.0,0.0,-0.2671501920824565,-0.6654438825808668,1.5427172172333246,0.5514845019964222,-0.23339228701984058,-0.2528109847292696,-0.6129360503965483,-0.40524213290108185,-0.19885299646085403,-0.34943680437923075,-0.41139785817739666,-0.6340298849459857,-1.1229701496826026,-0.5834809986940462,1.7105423988604247,0.020954265635664233,0.0,-0.008561555460245488,-0.013024637644923733,-2.0359469373388452,-0.19885299646085378,1.5567857644365766,-0.5026199259419136,-0.036609518808885466,-0.11500247340191565,-0.041209918241895994,-0.009679165710237038,-0.013149864040606297,-0.18128870498259042,-0.07703202642643925,2.4175903898121724,-0.0013514056455833673,-0.5483255945095415,-0.7011609632658092,0.38551268820828005,2.597366974046735,1.0834990263494304,-0.18174945580570853,-0.099030418675823,-0.1885129527938818,-0.16794755353360694,1.0871798172568765,0.1888369815334113,1.0721739728848536,1.0538885793455817,-0.014741335287755725,-0.01662127330365834,0.5113270286488175,0,-0.08650501930317857
-1.732041317870378,192.168.10.50-192.168.10.3-42144-389-6,192.168.10.50,-0.3126478004079729,192.168.10.3,-0.28324245171488005,-0.7232493275194589,2017-07-07 11:59:50.316273,3.966076812457375,0.03588085371359859,0.007496840302176043,1.966563382659863,-0.0046108416658786075,0.5507579169805267,-0.4844876123523648,1.5567857644365766,0.989345741242623,-0.4259079294750507,4.025927222920289,-0.21275933222090865,-0.4965478017276544,-0.1013991301940573,-0.2561009308814579,0.6157059916726904,0.912896929568885,1.051694383553117,-0.02753222813834602,3.9714234856772954,0.2885327465353721,1.683427685727777,1.0541476394658287,-0.09998071525644721,4.028902021407817,0.7985241290098131,2.1712876860631654,1.16552506960762,-0.10587669261202749,3.541864084954809,0.9660579180491948,0.0,0.0,-0.2671501920824565,-0.6654438825808668,1.5427172172333246,0.5514845019964222,-0.23339228701398346,-0.25281098472556646,-0.6129360503965483,-0.40524213290108185,0.04532117660239511,-0.35220411030128745,-0.41176928786666744,-0.6340298849459857,-1.1229701496826026,-0.5834809986940462,1.7105423988604247,0.020954265635664233,0.0,-0.008561555460245488,-0.013024637644923733,-2.0359469373388452,0.045321176602395284,1.5567857644365766,-0.21275933222090848,-0.036609518808885466,-0.11500247340191565,-0.041209918241895994,-0.009679165710237038,-0.013149864040606297,-0.18128870498259042,-0.07703202642643925,2.4175903898121724,-0.0013514056455833673,-0.3057755145205812,-0.6552225332495519,0.38551268820828005,2.597366974046735,1.0834990263494304,-0.18180278509418762,-0.09902064940992444,-0.18855961127798634,-0.1680343413604185,1.0871820173949336,0.18883101916393008,1.0721748182213264,1.0538915844696037,-0.014741335287755725,-0.01662127330365834,0.5113263442404498,0,-0.08650501930317857
-1.7320349914027864,8.6.0.1-8.0.6.4-0-0-0,8.6.0.1,-2.9401031595358047,8.0.6.4,-0.32845266209945145,-1.8697040357874233,2017-07-07 12:00:31.388567,4.005045218869387,0.8267620878694032,-0.010800870773434959,-0.12134349372250963,-0.007192164007694782,-0.2618682745424987,-0.4844876123523648,-0.3143032343408521,-0.2187323574701005,-0.535666531292631,-0.5685433340914545,-0.5881525601546694,-0.4965478017276544,-0.10142982586940365,-0.2560547617560984,-0.1434278871621024,0.010999256545918415,1.4218071695227665,-0.02753401476430393,4.010425956326608,-0.15493322170088944,0.058828273091940164,1.4243936461260338,-0.09998098112695666,-0.30780311864031595,-0.1728535412797156,-0.24373888953991465,-0.25964622509051544,-0.1058772288212657,-0.2299916552019907,-0.08064780763177311,0.0,0.0,-0.2671501920824565,-0.6654438825808668,-0.23436048516423358,-0.1830032122238224,-0.23331162925820675,-0.2528141962513848,-0.6129360503965483,-0.5444701219566618,-0.6741920628749661,-0.5575985117154051,-0.4254611401582919,-0.6340298849459857,-1.1229701496826026,-0.5834809986940462,-0.1267994630972131,-0.010564307136767039,0.0,-0.008561555460245488,-0.013024637644923733,-4.499428205716978,-0.6741920628749659,-0.3143032343408521,-0.5881525601546692,-0.036609518808885466,-0.11500247340191565,-0.041209918241895994,-0.009679165710237038,-0.013149864040606297,-0.18128870498259042,12.98161357542551,-0.3506466186751962,-0.0013514056455833673,-0.6201922848766409,-0.7311242645047866,-0.14935671258153319,-0.30696504258242285,-1.826944179997642,12.572569632579755,18.99804873401712,17.403052257038276,-0.1684323682902784,0.748267739232202,3.629508021249476,1.4405088837772422,0.18149824739255574,-0.014741335287755725,-0.01662127330365834,-0.0822165991513756,0,-0.08650501930317857
-1.7320286649351946,192.168.10.25-224.0.0.251-5353-5353-17,192.168.10.25,-2.6063719394947245,224.0.0.251,0.2936816725756401,1.3785843043051424,2017-07-07 12:00:42.903850,3.1711108132353454,0.5847185132837086,-0.010800870773434959,11.908406562803783,-0.007192164007694782,0.1958640963650118,0.6891428881507184,0.57481225763403,0.11045697080661862,-0.535666531292631,-0.5685433340914545,-0.5881525601546694,-0.4965478017276544,-0.10130834599993266,-0.2560608262602239,-0.13351026452394177,0.034775540813574056,1.338543837436527,-0.02753401476430393,3.1757625668283973,-0.15123222625509988,0.0934097873192908,1.3411003437198836,-0.09998098112695666,-0.30780311864031595,-0.1728535412797156,-0.24373888953991465,-0.25964622509051544,-0.1058772288212657,-0.2299916552019907,-0.08064780763177311,0.0,0.0,-0.2671501920824565,-0.6654438825808668,5.152406300228364,-0.1830032122238224,-0.23332189037771298,-0.2528141962513848,0.8960527677858111,-0.4660464159625758,-0.3867370169224321,-0.49211834744711647,-0.424069571871835,-0.6340298849459857,-1.1229701496826026,-0.5834809986940462,-0.1267994630972131,-0.010564307136767039,0.0,-0.008561555460245488,-0.013024637644923733,-4.499428205716978,-0.3867370169224318,0.5748122576340303,-0.5881525601546692,1.2051483526030502,12.755317093320922,-0.03841794399293928,-0.009679165710237038,-0.013149864040606297,-0.18128870498259042,12.98161357542551,1.6119094694315204,-0.0013514056455833673,-0.6201922848766409,-0.7311242645047866,-0.14935671258153319,74.62480098644986,-1.0993333784108739,13.171812950766299,29.95672773164798,22.880919729266008,-0.16843685731580313,0.8341719457071338,3.036776034999004,1.3576457058983458,0.2091164861732002,-0.014741335287755725,-0.01662127330365834,-0.0822165991513756,0,-0.08650501930317857
-1.7320223384676028,192.168.10.25-17.253.14.125-123-123-17,192.168.10.25,-2.93243476049507,17.253.14.125,-0.31415740277476695,1.3785843043051424,2017-07-07 12:00:42.430758,2.2118192325560084,-0.004202795580847649,-0.003939229120080833,-0.028087107184339145,-0.007045126659110316,-0.16507905073826745,1.0380600639759594,0.1314152368319349,-0.2187323574701005,-0.5189943386114796,0.12935092773311405,-0.5311308040128323,-0.4965478017276544,-0.10142723839430762,-0.256103538702263,1.8946993440367226,3.727154907228341,5.1777158238952445,-0.02736339198532345,2.2147322878600137,1.5501908846567904,8.241360901200581,5.183634763240827,-0.09684902652552534,2.267236162278238,1.5574939761271922,8.130460277058896,5.388677990132269,-0.10271305810660313,-0.2299916552019907,-0.08064780763177311,0.0,0.0,-0.2671501920824565,-0.6654438825808668,-0.15105996786434805,-0.11414498901567448,-0.2333957631053429,-0.2528121687177815,1.3446710650832692,-0.5278871356671634,-0.5300892722146879,-0.5575985117154051,-0.4254611401582919,-0.6340298849459857,-1.1229701496826026,-0.5834809986940462,-0.1267994630972131,-0.010564307136767039,0.0,-0.008561555460245488,-0.013024637644923733,0.42753433103928706,-0.5300892722146877,0.1314152368319349,-0.5311308040128322,-0.036609518808885466,-0.11500247340191565,-0.041209918241895994,-0.009679165710237038,-0.013149864040606297,-0.18128870498259042,-0.07703202642643925,0.14515702463597427,-0.0013514056455833673,-0.5483255945095415,-0.7311242645047866,-0.14935671258153319,0.6611456296272964,-1.0993333784108739,2.4992516758047385,-0.09906170038344883,1.6477708822668489,2.7765973162381044,5.339328243418858,-0.07778072635670785,5.178367063675703,5.437763679483571,-0.014741335287755725,-0.01662127330365834,-0.0822165991513756,0,-0.08650501930317857
-1.732016012000011,192.168.10.5-192.168.10.3-123-123-17,192.168.10.5,-2.93243476049507,192.168.10.3,-0.31415740277476695,1.3785843043051424,2017-07-07 12:00:53.296592,2.1800800958276625,-0.004202795580847649,-0.003939229120080833,-0.028087107184339145,-0.007045126659110316,-0.16507905073826745,1.0380600639759594,0.1314152368319349,-0.2187323574701005,-0.5189943386114796,0.12935092773311405,-0.5311308040128323,-0.4965478017276544,-0.10142720599385237,-0.25610351496915273,1.8685968680207616,3.7088268452474558,5.149056182689484,-0.027531334825367064,2.1838627780623043,1.5293665800670124,8.206981574417947,5.1529905563689855,-0.09998044938593775,2.2362752159646537,1.5366891686093944,8.096954538129795,5.357324605747378,-0.10587682666433705,-0.2299916552019907,-0.08064780763177311,0.0,0.0,-0.2671501920824565,-0.6654438825808668,-0.15105996786434805,-0.11414498901567448,-0.23339574302717364,-0.25281214332893354,1.3446710650832692,-0.5278871356671634,-0.5300892722146879,-0.5575985117154051,-0.4254611401582919,-0.6340298849459857,-1.1229701496826026,-0.5834809986940462,-0.1267994630972131,-0.010564307136767039,0.0,-0.008561555460245488,-0.013024637644923733,0.42753433103928706,-0.5300892722146877,0.1314152368319349,-0.5311308040128322,-0.036609518808885466,-0.11500247340191565,-0.041209918241895994,-0.009679165710237038,-0.013149864040606297,-0.18128870498259042,-0.07703202642643925,0.14515702463597427,-0.0013514056455833673,-0.5483255945095415,-0.7311242645047866,-0.14935671258153319,0.6611456296272964,-1.0993333784108739,1.8624709711310585,-0.09906170038344883,1.2116195040634974,2.0772265919282225,5.309970434004918,-0.07778072635670785,5.1498451574815265,5.407941977706759,-0.014741335287755725,-0.01662127330365834,-0.0822165991513756,0,-0.08650501930317857
-1.7320096855324192,192.168.10.5-192.168.10.3-49159-445-6,192.168.10.5,0.12470032374449815,192.168.10.3,-0.2767340409654302,-0.7232493275194589,2017-07-07 12:00:50.241989,3.714515963772809,0.1777153050631776,0.12071392758251911,10.949614338708217,0.016363423454076313,5.9326420489283045,-0.4844876123523648,2.2460318680444957,2.4796359004235335,0.5945691975504271,-0.5685433340914545,-0.11154571506914805,-0.08018904865952017,-0.10120223905477613,-0.25608162601477863,-0.06125849356724722,0.42603236121739396,2.2072821241490033,-0.027533121451324975,3.719641047319419,-0.07030580279714971,1.0525121586394597,2.2101550682641773,-0.09998084819170193,3.7764180437686905,-0.0524819837332458,1.1819624644483386,2.348101249352226,-0.10587709476895615,22.872624753258407,6.330424762164156,0.0,0.0,-0.2671501920824565,-0.6654438825808668,4.111149833979795,3.254169762916228,-0.23337646654318034,-0.2527896863762407,-0.6129360503965483,0.5797181569189139,0.3348289420203293,0.03127920729123949,-0.3129137970206482,-0.6340298849459857,3.4118354733727565,-0.5834809986940462,11.12691944139332,0.14505864592711237,0.0,-0.008561555460245488,-0.013024637644923733,0.06993221143600954,0.3348289420203295,2.2460318680444957,-0.1115457150691477,-0.036609518808885466,-0.11500247340191565,-0.041209918241895994,0.0452363327393013,0.05809106263429961,8.699505721516294,-0.07703202642643925,2.6035167560538612,-0.0013514056455833673,-0.042264316507883516,-0.08003841901485727,0.3788236047929192,20.216981208263626,-0.007917176030721758,0.11096196828247785,1.0100186570265584,0.7207741176231243,-0.16839645608608053,1.514811704196307,6.538508597634621,2.2222089341331217,0.16775077723768583,-0.014741335287755725,-0.01662127330365834,0.4767686178247749,0,-0.08650501930317857
-1.7320033590648274,192.168.10.5-134.170.115.55-49176-443-6,192.168.10.5,0.1257601837745184,134.170.115.55,-0.276966484206482,-0.7232493275194589,2017-07-07 12:00:55.280312,2.695742833892862,0.0019639196952210033,-0.00050840829340377,0.3973951563960637,-0.004482694532216452,0.5870538759071134,-0.4844876123523648,1.1732821631983243,0.8896086937679415,0.478558523477415,-0.5685433340914545,0.11234387467109298,0.21401732131525264,-0.1014037134345779,-0.25610290918914713,1.3171116027396557,2.5307890978938508,4.2523862915248465,-0.02746969622981914,2.6999790445077823,0.9621910633621746,5.264309294371964,4.261488321707422,-0.09772001831451421,2.750736703865172,1.1116746278582232,5.508524988474135,4.439976760421013,-0.10585108862090309,0.948713263597009,0.24644773164352937,0.0,0.0,-0.2671501920824565,-0.6654438825808668,0.13355013291026085,0.09242968060876931,-0.23339511811762856,-0.25281163744278845,-0.6129360503965483,0.46432821065448787,0.4174813808441807,0.2242398790988035,-0.22707150168253787,-0.6340298849459857,1.1444326618450769,-0.5834809986940462,0.4473698687645487,0.0012551576528946884,0.0,-0.008561555460245488,-0.013024637644923733,-0.06516192263633931,0.41748138084418135,1.1732821631983243,0.11234387467109311,-0.036609518808885466,-0.11500247340191565,-0.041209918241895994,-0.009679165710237038,-0.013149864040606297,-0.18128870498259042,-0.07703202642643925,1.3846661329139005,-0.0013514056455833673,0.2152579906408892,-0.08003841901485727,-0.08478133037939603,0.6611456296272964,-0.007917176030721758,-0.03031763241789806,0.003445988455710907,-0.058868622030695324,-0.043206512252251236,3.1190250384375418,10.97656973389717,4.2574845609434355,1.8898386006352326,-0.014741335287755725,-0.01662127330365834,0.3368164619701182,0,-0.08650501930317857
-1.7319970325972356,192.168.10.9-192.168.10.3-123-123-17,192.168.10.9,-2.93243476049507,192.168.10.3,-0.31415740277476695,1.3785843043051424,2017-07-07 12:01:07.159677,2.1103423009860154,-0.007286153218881975,-0.006226443004532208,-0.05917256936372931,-0.007094139108638472,-0.16507905073826745,1.0380600639759594,0.1314152368319349,-0.2187323574701005,-0.5189943386114796,0.12935092773311405,-0.5311308040128323,-0.4965478017276544,-0.10142802987125824,-0.25610411845367614,2.9696272219047284,4.704533993385953,5.121957942907671,-0.027531334825367064,2.114063561629674,2.591792919567112,10.705868419473788,5.125884602017389,-0.09998058232119247,2.1662790450117226,2.5979921706407856,10.530694614015374,5.32959886628055,-0.10587682666433705,-0.2299916552019907,-0.08064780763177311,0.0,0.0,-0.2671501920824565,-0.6654438825808668,-0.1788268069643099,-0.13709773008505713,-0.23339625357401197,-0.2528127889154855,1.3446710650832692,-0.5278871356671634,-0.5300892722146879,-0.5575985117154051,-0.4254611401582919,-0.6340298849459857,-1.1229701496826026,-0.5834809986940462,-0.1267994630972131,-0.010564307136767039,0.0,-0.008561555460245488,-0.013024637644923733,0.42753433103928706,-0.5300892722146877,0.1314152368319349,-0.5311308040128322,-0.036609518808885466,-0.11500247340191565,-0.041209918241895994,-0.009679165710237038,-0.013149864040606297,-0.18128870498259042,-0.07703202642643925,0.14515702463597427,-0.0013514056455833673,-0.5483255945095415,-0.7311242645047866,-0.14935671258153319,0.2739013607434087,-1.0993333784108739,-0.18210154588913427,-0.09906170038344883,-0.18877330713518511,-0.16830966825926896,5.282212062807731,-0.07778072635670785,5.122877148791703,5.3797449873938685,-0.014741335287755725,-0.01662127330365834,-0.0822165991513756,0,-0.08650501930317857
-1.731990706129644,192.168.10.14-192.168.10.3-49414-445-6,192.168.10.14,0.1405982241948018,192.168.10.3,-0.2767340409654302,-0.7232493275194589,2017-07-07 12:00:48.901484,4.1267766068141185,0.304132968222585,0.20648444824944567,13.560793161776992,0.020866442254475575,5.958855797041951,-0.4844876123523648,1.5903679105757047,1.94043028265378,0.5945691975504271,-0.5685433340914545,-0.24453395554468205,-0.13667309884590817,-0.10117974039078964,-0.25606961541349704,-0.1132923542425262,0.27866759835510124,2.2069812600513194,-0.02753401476430393,4.132262183125243,-0.108189561356679,0.7556494511746423,2.209853161174734,-0.09998098112695666,4.190210604265807,-0.09289249796499101,0.8850410704578426,2.34783246732488,-0.10587709476895615,40.7889395190032,11.302276959148754,0.0,0.0,-0.2671501920824565,-0.6654438825808668,6.957250841725884,5.405989238170851,-0.23336583972091812,-0.2527774269555459,-0.6129360503965483,0.5797181569189139,0.06278818153091281,-0.06587145823181773,-0.3469857998819937,-0.6340298849459857,3.4118354733727565,-0.5834809986940462,19.854293285692098,0.248150644370273,0.0,-0.008561555460245488,-0.013024637644923733,0.04485762915530604,0.062788181530914,1.5903679105757074,-0.24453395554468216,-0.036609518808885466,-0.11500247340191565,-0.041209918241895994,0.0452363327393013,0.04791378739502734,7.777623950788213,-0.07703202642643925,1.8391528059491402,-0.0013514056455833673,-0.20695881526581955,-0.08003841901485727,0.37727997015860515,34.93226342585135,-0.007917176030721758,0.3683902939460444,2.221434973084124,1.882364141326372,-0.16840693047897157,1.3464204582513544,6.3578949753113765,2.221909515954446,0.16546564557691906,-0.014741335287755725,-0.01662127330365834,0.5334021941092784,0,-0.08650501930317857
-1.7319843796620522,192.168.10.14-192.168.10.3-123-123-17,192.168.10.14,-2.93243476049507,192.168.10.3,-0.31415740277476695,1.3785843043051424,2017-07-07 12:00:57.864075,2.7683909850241215,-0.0011194379428133227,-0.0016520152356294577,0.0029983549950510203,-0.006996114209582162,-0.16507905073826745,1.0380600639759594,0.1314152368319349,-0.2187323574701005,-0.5189943386114796,0.12935092773311405,-0.5311308040128323,-0.4965478017276544,-0.10142699075060585,-0.25610335730495765,1.6675331947182765,3.1432142170853727,5.094925108364485,-0.027531334825367064,2.772687670793661,1.3241340322300799,6.727179882858605,5.098840082741972,-0.09998058232119247,2.8267733989724,1.3316746019731869,6.655723082492672,5.301946209802728,-0.10587682666433705,-0.2299916552019907,-0.08064780763177311,0.0,0.0,-0.2671501920824565,-0.6654438825808668,-0.12329312876438621,-0.09119224794629183,-0.23339560964354372,-0.25281197466531397,1.3446710650832692,-0.5278871356671634,-0.5300892722146879,-0.5575985117154051,-0.4254611401582919,-0.6340298849459857,-1.1229701496826026,-0.5834809986940462,-0.1267994630972131,-0.010564307136767039,0.0,-0.008561555460245488,-0.013024637644923733,0.42753433103928706,-0.5300892722146877,0.1314152368319349,-0.5311308040128322,-0.036609518808885466,-0.11500247340191565,-0.041209918241895994,-0.009679165710237038,-0.013149864040606297,-0.18128870498259042,-0.07703202642643925,0.14515702463597427,-0.0013514056455833673,-0.5483255945095415,-0.7311242645047866,-0.14935671258153319,1.0483898985111841,-1.0993333784108739,1.1456279204362088,3.494313787926027,1.63005652219172,-0.16834408412162527,3.146243288171858,18.238040389059282,5.095974231010288,1.068434086700307,-0.014741335287755725,-0.01662127330365834,-0.0822165991513756,0,-0.08650501930317857
-1.7319780531944604,192.168.10.25-192.168.10.3-49155-389-6,192.168.10.25,0.12445094491390515,192.168.10.3,-0.28324245171488005,-0.7232493275194589,2017-07-07 12:01:11.916755,1.2202563492901255,0.5723850827315713,0.2659520092451814,16.754176786913927,0.11959385308735623,2.6579399768851455,-0.4844876123523648,0.9592200027008688,1.0486494880863306,0.4750851500021751,-0.5685433340914545,0.6308936510821556,0.3109139753585508,-0.09923037426329165,-0.25594533915737466,-0.1929849099689933,-0.034356659308953506,2.0121518804038723,-0.02753401476430393,1.2232027632114346,-0.16796007658448892,0.09059221728664092,2.0149508493419916,-0.09998084819170193,1.272881968300801,-0.15081677865714385,0.3024420146285296,2.14812125109911,-0.10587709476895615,40.7889395190032,11.302276959148754,0.0,0.0,-0.2671501920824565,-0.6654438825808668,20.91008748945671,10.94907620642676,-0.2332318771898563,-0.25268092984597307,-0.6129360503965483,0.46087342184417573,0.7759581064002405,0.38287288217189347,-0.13839882526443617,-0.6340298849459857,3.4118354733727565,-0.5834809986940462,19.854293285692098,0.39655059117380353,0.0,-0.008561555460245488,-0.013024637644923733,-1.3617310112564092,0.7759581064002413,0.9592200027008675,0.6308936510821563,4.761912013367771,3.949308968721086,34.70395237014911,0.29901729551127704,0.3227002188553787,16.49143313145001,-0.07703202642643925,1.364007647775935,-0.0013514056455833673,0.574591442476386,4.477483021162025,0.3860272330863847,34.15777488808358,1.0834990263494304,2.671871867792337,5.092277429683255,3.0798485368512405,0.8594287841595049,1.2904878317567732,6.9258062753417855,2.0280164643883594,0.5060466037718779,-0.014741335287755725,-0.01662127330365834,0.13412411722905168,0,-0.08650501930317857
-1.7319717267268686,192.168.10.25-192.168.10.3-49157-3268-6,192.168.10.25,0.12457563432920164,192.168.10.3,0.051359593779158524,-0.7232493275194589,2017-07-07 12:01:12.433554,1.2003594933491226,0.153048443958903,0.05209751104897786,4.408067391332799,-0.00019461574485212234,2.36958874763504,-0.4844876123523648,0.8883800169641134,1.0185558161236745,0.4750851500021751,-0.5685433340914545,-0.2921146095182986,-0.14900654548237324,-0.10122449709391608,-0.2560629430526917,-0.12909477927483604,0.19516265502647534,2.0128334539554853,-0.027533121451324975,1.2032885144313419,-0.13292857316104256,0.48297308808498407,2.0156326682234145,-0.09998084819170193,1.252911780189023,-0.07574681871216045,0.902706200631896,2.148830964263461,-0.10587682666433705,12.028539500307607,3.3211458008313723,0.0,0.0,-0.2671501920824565,-0.6654438825808668,5.804927019077468,2.364751046477651,-0.23334973088004646,-0.2527835208726068,-0.6129360503965483,0.46087342184417573,-0.16412270135327087,-0.18643669244531602,-0.3807504275525376,-0.6340298849459857,3.4118354733727565,-0.5834809986940462,5.84456158826511,0.09515423903742953,0.0,-0.008561555460245488,-0.013024637644923733,-1.9903269138503612,-0.16412270135327053,0.888380016964114,-0.29211460951829843,-0.036609518808885466,-0.11500247340191565,-0.041209918241895994,-0.009679165710237038,-0.013149864040606297,-0.18128870498259042,-0.07703202642643925,1.405324618051866,-0.0013514056455833673,-0.36865886859179314,4.477483021162025,0.38551268820828005,9.761385948398656,1.0834990263494304,2.2550584209185685,4.070089458028664,2.535660371873514,0.8164718025714673,1.2945841407747412,6.896284744882321,2.028694762374157,0.5136594667797362,-0.014741335287755725,-0.01662127330365834,0.13139082185444653,0,-0.08650501930317857
-1.7319654002592768,192.168.10.51-224.0.0.251-5353-5353-17,192.168.10.51,-2.6063719394947245,224.0.0.251,0.2936816725756401,1.3785843043051424,2017-07-07 12:01:06.883689,3.1051225534098696,0.40280041263968336,-0.010800870773434959,12.636000661940134,-0.007192164007694782,0.3269328369332417,0.7525823746643986,1.040667161281484,0.34193277649446546,-0.535666531292631,-0.5685433340914545,-0.5881525601546694,-0.4965478017276544,-0.10129854137378397,-0.25607380046887285,-0.09957659622085692,0.2553427355568151,2.377088648683951,-0.027533121451324975,3.1097166233574063,-0.1385690753740192,0.41421464888785947,2.3800189752247323,-0.09998084819170193,-0.30780311864031595,-0.1728535412797156,-0.24373888953991465,-0.25964622509051544,-0.1058772288212657,-0.2299916552019907,-0.08064780763177311,0.0,0.0,-0.2671501920824565,-0.6654438825808668,3.514162793330615,-0.1830032122238224,-0.23334384269280609,-0.2528141962513848,0.9776197309308035,-0.4435902886955468,-0.23612402688471573,-0.4460747109175825,-0.4214244991651578,-0.6340298849459857,-1.1229701496826026,-0.5834809986940462,-0.1267994630972131,-0.010564307136767039,0.0,-0.008561555460245488,-0.013024637644923733,-4.499428205716978,-0.2361240268847159,1.0406671612814828,-0.5881525601546692,2.59736153961417,18.174399016151593,-0.03744623180854622,-0.009679165710237038,-0.013149864040606297,-0.18128870498259042,12.98161357542551,2.644833726329792,-0.0013514056455833673,-0.6201922848766409,-0.7311242645047866,-0.14935671258153319,51.77738912230048,-1.0993333784108739,4.221548879675366,9.699194186454305,6.345761389250557,-0.16843685731580313,1.368323467584177,5.302504668716196,2.391199387613447,0.402498073098107,-0.014741335287755725,-0.01662127330365834,-0.0822165991513756,0,-0.08650501930317857
-1.731959073791685,192.168.10.50-192.168.10.3-56108-3268-6,192.168.10.50,0.5579336971921847,192.168.10.3,0.051359593779158524,-0.7232493275194589,2017-07-07 12:01:58.435434,4.006162667529432,0.04204756898966724,0.009784054186627419,2.2275517422076594,-0.006530495939064687,0.5507579169805267,-0.4844876123523648,1.5567857644365766,0.9871865293313238,-0.5106582422709038,0.4782980586453983,-0.5026199259419138,-0.4965478017276544,-0.10140722195002241,-0.25610041455943805,0.5284010963052737,0.8335218595184196,1.0518172944366146,-0.027531334825367064,4.011544381804538,0.23862542834263198,1.5526968324784642,1.0542705945906314,-0.09998058232119247,4.069136280513672,0.6921962235790814,2.056254948607413,1.1656518568620327,-0.10587682666433705,4.013346052474408,1.0968961337593157,0.0,0.0,-0.2671501920824565,-0.6654438825808668,1.7648519300330192,0.6432954662739527,-0.23339170460396386,-0.2528106164967889,-0.6129360503965483,-0.40524213290108185,-0.19885299646085394,-0.34968242299850255,-0.4114310262952761,-0.6340298849459857,-1.1229701496826026,-0.5834809986940462,1.9402101316051292,0.024894087232218143,0.0,-0.008561555460245488,-0.013024637644923733,-2.0359469373388452,-0.19885299646085378,1.5567857644365766,-0.5026199259419136,-0.036609518808885466,-0.11500247340191565,-0.041209918241895994,-0.009679165710237038,-0.013149864040606297,-0.18128870498259042,-0.07703202642643925,2.4175903898121724,-0.0013514056455833673,-0.5483255945095415,-0.7011609632658092,0.38525541576922767,2.984611242930623,1.0834990263494304,0.43120492949664674,3.004468446492944,2.7503556538018157,-0.167958027926498,1.061033389015908,0.5554135982168729,1.0722971384089448,0.8669914313582535,-0.014741335287755725,-0.01662127330365834,1.191345095649334,0,-0.08650501930317857
-1.7319527473240934,192.168.10.50-192.168.10.3-42144-389-6,192.168.10.50,-0.3126478004079729,192.168.10.3,-0.28324245171488005,-0.7232493275194589,2017-07-07 12:01:58.436387,4.006161096248992,0.04204756898966724,0.009784054186627419,2.2275517422076594,-0.004288176373151586,0.5507579169805267,-0.4844876123523648,1.5567857644365766,0.9871865293313238,-0.4259079294750507,4.025927222920289,-0.21275933222090865,-0.4965478017276544,-0.10139561066121171,-0.2561004145576294,0.5284008281062978,0.8335242235238576,1.0518172094947462,-0.027533121451324975,4.011542809150564,0.23862527678566306,1.552701333513551,1.0542705096181886,-0.09998084819170193,4.069135318855026,0.6921960335187425,2.056255136936121,1.1656494236590693,-0.10587682666433705,4.013346052474408,1.0968961337593157,0.0,0.0,-0.2671501920824565,-0.6654438825808668,1.7648519300330192,0.6432954662739527,-0.23339170460192374,-0.252810616495499,-0.6129360503965483,-0.40524213290108185,0.045321176602395284,-0.35244646366169685,-0.4118015799711288,-0.6340298849459857,-1.1229701496826026,-0.5834809986940462,1.9402101316051292,0.024894087232218143,0.0,-0.008561555460245488,-0.013024637644923733,-2.0359469373388452,0.045321176602395284,1.5567857644365766,-0.21275933222090848,-0.036609518808885466,-0.11500247340191565,-0.041209918241895994,-0.009679165710237038,-0.013149864040606297,-0.18128870498259042,-0.07703202642643925,2.4175903898121724,-0.0013514056455833673,-0.3057755145205812,-0.6408369695247379,0.38525541576922767,2.984611242930623,1.0834990263494304,0.4311700902899396,3.004465655259636,2.7503295250507174,-0.1680343413604185,1.0610356388745996,0.5554308633342009,1.0722970538752976,0.8669871888302223,-0.014741335287755725,-0.01662127330365834,1.1913442217124954,0,-0.08650501930317857
-1.7319464208565016,192.168.10.17-224.0.0.251-5353-5353-17,192.168.10.17,-2.6063719394947245,224.0.0.251,0.2936816725756401,1.3785843043051424,2017-07-07 12:01:38.230258,2.991235495631178,0.39355033972558046,-0.010800870773434959,10.113544928841701,-0.007192164007694782,0.18376544338948292,0.9429008342054391,0.7974604522776346,0.15142278278045992,-0.535666531292631,-0.5685433340914545,-0.5881525601546694,-0.4965478017276544,-0.10132091454393398,-0.25607345060217085,-0.10083962528401982,0.2492059486956006,2.3783953943865956,-0.02753401476430393,2.9957300111930247,-0.13904040454041436,0.40528897405312503,2.3813261912855257,-0.09998098112695666,-0.30780311864031595,-0.1728535412797156,-0.24373888953991465,-0.25964622509051544,-0.1058772288212657,-0.2299916552019907,-0.08064780763177311,0.0,0.0,-0.2671501920824565,-0.6654438825808668,3.4308622760307297,-0.1830032122238224,-0.23334325071958512,-0.2528141962513848,1.2223206203657806,-0.46811928924876306,-0.3147538520802946,-0.4839696990341398,-0.42370167530187053,-0.6340298849459857,-1.1229701496826026,-0.5834809986940462,-0.1267994630972131,-0.010564307136767039,0.0,-0.008561555460245488,-0.013024637644923733,-4.499428205716978,-0.31475385208029477,0.7974604522776335,-0.5881525601546692,2.076451802495216,17.497013775797758,-0.03759243166607649,-0.009679165710237038,-0.013149864040606297,-0.18128870498259042,12.98161357542551,2.1077131127426907,-0.0013514056455833673,-0.6201922848766409,-0.7311242645047866,-0.14935671258153319,50.61565631564881,-1.0993333784108739,3.8849244845410156,9.154372892788615,6.348500242267493,-0.16843835365764473,1.325179226414482,5.26146332943197,2.3924998532432467,0.40224104660822113,-0.014741335287755725,-0.01662127330365834,-0.0822165991513756,0,-0.08650501930317857
-1.7319400943889098,192.168.10.17-192.168.10.3-123-123-17,192.168.10.17,-2.93243476049507,192.168.10.3,-0.31415740277476695,1.3785843043051424,2017-07-07 12:01:40.135618,2.9035361258154997,0.008130634971289656,0.0052096264177246675,0.09625474153322151,-0.006849076860997696,-0.16507905073826745,1.0380600639759594,0.1314152368319349,-0.2187323574701005,-0.5189943386114796,0.12935092773311405,-0.5311308040128323,-0.4965478017276544,-0.10142507021030688,-0.2561019505224209,0.8757209835317628,2.4106608261282174,5.434708295996679,-0.027531334825367064,2.90795064186732,0.6640959679666051,5.203972891798149,5.438744724316651,-0.09998058232119247,2.962421044047133,0.6723350982761348,5.172218560578492,5.649563317961218,-0.10587682666433705,-0.2299916552019907,-0.08064780763177311,0.0,0.0,-0.2671501920824565,-0.6654438825808668,-0.03999261146450067,-0.0223340247381439,-0.2333944195080083,-0.252810469738755,1.3446710650832692,-0.5278871356671634,-0.5300892722146879,-0.5575985117154051,-0.4254611401582919,-0.6340298849459857,-1.1229701496826026,-0.5834809986940462,-0.1267994630972131,-0.010564307136767039,0.0,-0.008561555460245488,-0.013024637644923733,0.42753433103928706,-0.5300892722146877,0.1314152368319349,-0.5311308040128322,-0.036609518808885466,-0.11500247340191565,-0.041209918241895994,-0.009679165710237038,-0.013149864040606297,-0.18128870498259042,-0.07703202642643925,0.14515702463597427,-0.0013514056455833673,-0.5483255945095415,-0.7311242645047866,-0.14935671258153319,2.2101227051628474,-1.0993333784108739,4.596727236261054,12.834203721829672,6.357600513007243,-0.16835755119819948,3.0792568718260624,21.843792514866692,5.434124458866447,0.5787839513915767,-0.014741335287755725,-0.01662127330365834,-0.0822165991513756,0,-0.08650501930317857
-1.731933767921318,192.168.10.17-129.128.12.20-123-123-17,192.168.10.17,-2.93243476049507,129.128.12.20,-0.31415740277476695,1.3785843043051424,2017-07-07 12:01:53.150831,2.293200866962634,-0.0011194379428133227,-0.0016520152356294577,0.0029983549950510203,-0.006996114209582162,-0.16507905073826745,1.0380600639759594,0.1314152368319349,-0.2187323574701005,-0.5189943386114796,0.12935092773311405,-0.5311308040128323,-0.4965478017276544,-0.10142648193995597,-0.25610298460466224,1.3809468971246084,2.69464318505904,4.492685223181985,0.05256221355479589,2.293645993011548,1.0933073345157163,5.83612931896347,4.504037316391492,0.1658823498286538,2.3463364710343884,1.1010753886251554,5.787850782967009,4.693607146014259,0.16218033792184236,-0.2299916552019907,-0.08064780763177311,0.0,0.0,-0.2671501920824565,-0.6654438825808668,-0.12329312876438621,-0.09119224794629183,-0.23339529433975367,-0.25281157596362525,1.3446710650832692,-0.5278871356671634,-0.5300892722146879,-0.5575985117154051,-0.4254611401582919,-0.6340298849459857,-1.1229701496826026,-0.5834809986940462,-0.1267994630972131,-0.010564307136767039,0.0,-0.008561555460245488,-0.013024637644923733,0.42753433103928706,-0.5300892722146877,0.1314152368319349,-0.5311308040128322,-0.036609518808885466,-0.11500247340191565,-0.041209918241895994,-0.009679165710237038,-0.013149864040606297,-0.18128870498259042,-0.07703202642643925,0.14515702463597427,-0.0013514056455833673,-0.5483255945095415,-0.7311242645047866,-0.14935671258153319,1.0483898985111841,-1.0993333784108739,16.289772619315375,-0.09906170038344883,11.093337733631522,17.922606845242406,4.637609834801294,-0.07778072635670785,4.496628642967328,4.7249571884394665,-0.014741335287755725,-0.01662127330365834,-0.0822165991513756,0,-0.08650501930317857
-1.7319274414537262,192.168.10.17-108.59.2.24-123-123-17,192.168.10.17,-2.93243476049507,108.59.2.24,-0.31415740277476695,1.3785843043051424,2017-07-07 12:01:55.150815,2.2142060458678827,-0.0026611167618304857,-0.0027956221778551453,-0.012544376094644063,-0.0070206204343462395,-0.16507905073826745,1.0380600639759594,0.1314152368319349,-0.2187323574701005,-0.5189943386114796,0.12935092773311405,-0.5311308040128323,-0.4965478017276544,-0.10142680995333025,-0.256103224872199,1.5716486148021072,2.9200646307898706,4.497898870119234,-0.0021594595970755555,2.216931778694621,1.2627309018092465,6.332337606933382,4.504037316391492,0.1658823498286538,2.2694278592657655,1.2703300175917938,6.271126601762107,4.6936177478271714,0.16220741648837186,-0.2299916552019907,-0.08064780763177311,0.0,0.0,-0.2671501920824565,-0.6654438825808668,-0.13717654831436712,-0.10266861848098315,-0.23339549760566436,-0.2528118329933991,1.3446710650832692,-0.5278871356671634,-0.5300892722146879,-0.5575985117154051,-0.4254611401582919,-0.6340298849459857,-1.1229701496826026,-0.5834809986940462,-0.1267994630972131,-0.010564307136767039,0.0,-0.008561555460245488,-0.013024637644923733,0.42753433103928706,-0.5300892722146877,0.1314152368319349,-0.5311308040128322,-0.036609518808885466,-0.11500247340191565,-0.041209918241895994,-0.009679165710237038,-0.013149864040606297,-0.18128870498259042,-0.07703202642643925,0.14515702463597427,-0.0013514056455833673,-0.5483255945095415,-0.7311242645047866,-0.14935671258153319,0.8547677640692403,-1.0993333784108739,13.481315850667016,-0.09906170038344883,9.169736278247878,14.838103137660486,4.642950489697718,-0.07778072635670785,4.5018172337039015,4.730382232773272,-0.014741335287755725,-0.01662127330365834,-0.0822165991513756,0,-0.08650501930317857
-1.7319211149861344,192.168.10.17-198.206.133.14-123-123-17,192.168.10.17,-2.93243476049507,198.206.133.14,-0.31415740277476695,1.3785843043051424,2017-07-07 12:01:56.150803,2.1762425307829525,-0.0026611167618304857,-0.0027956221778551453,-0.012544376094644063,-0.0070206204343462395,-0.16507905073826745,1.0380600639759594,0.1314152368319349,-0.2187323574701005,-0.5189943386114796,0.12935092773311405,-0.5311308040128323,-0.4965478017276544,-0.10142676471323323,-0.2561031917341396,1.5452304682257714,2.8626451322453415,4.412182416875143,0.0060911790765565965,2.178575016752884,1.2411682849804662,6.210718912328364,4.419067762605255,0.16588155221712542,2.230978361674685,1.2487992804378425,6.152701128069375,4.606740931220992,0.162214253156159,-0.2299916552019907,-0.08064780763177311,0.0,0.0,-0.2671501920824565,-0.6654438825808668,-0.13717654831436712,-0.10266861848098315,-0.23339546957092477,-0.2528117975434668,1.3446710650832692,-0.5278871356671634,-0.5300892722146879,-0.5575985117154051,-0.4254611401582919,-0.6340298849459857,-1.1229701496826026,-0.5834809986940462,-0.1267994630972131,-0.010564307136767039,0.0,-0.008561555460245488,-0.013024637644923733,0.42753433103928706,-0.5300892722146877,0.1314152368319349,-0.5311308040128322,-0.036609518808885466,-0.11500247340191565,-0.041209918241895994,-0.009679165710237038,-0.013149864040606297,-0.18128870498259042,-0.07703202642643925,0.14515702463597427,-0.0013514056455833673,-0.5483255945095415,-0.7311242645047866,-0.14935671258153319,0.8547677640692403,-1.0993333784108739,13.493762984451008,-0.09906170038344883,9.178261716463458,14.851773716725146,4.5551459257845766,-0.07778072635670785,4.4165127240914765,4.64119024018484,-0.014741335287755725,-0.01662127330365834,-0.0822165991513756,0,-0.08650501930317857
-1.7319147885185429,192.168.10.17-206.108.0.133-123-123-17,192.168.10.17,-2.93243476049507,206.108.0.133,-0.31415740277476695,1.3785843043051424,2017-07-07 12:01:52.150817,2.482231499154367,0.0004222408762038405,-0.00050840829340377,0.018541086084746104,-0.006971607984818084,-0.16507905073826745,1.0380600639759594,0.1314152368319349,-0.2187323574701005,-0.5189943386114796,0.12935092773311405,-0.5311308040128323,-0.4965478017276544,-0.10142631462372412,-0.2561028620466752,1.2936712288347894,2.5169687512907033,4.498470019241996,-0.007882915853242857,2.485433254887496,1.0147567113114275,5.399519934963266,4.50404530380112,0.16587237968454907,2.5386997042244532,1.0226231474969585,5.36266335212395,4.693654419671834,0.16218114223569968,-0.2299916552019907,-0.08064780763177311,0.0,0.0,-0.2671501920824565,-0.6654438825808668,-0.10940970921440528,-0.07971587741160051,-0.23339519065591363,-0.2528114448553943,1.3446710650832692,-0.5278871356671634,-0.5300892722146879,-0.5575985117154051,-0.4254611401582919,-0.6340298849459857,-1.1229701496826026,-0.5834809986940462,-0.1267994630972131,-0.010564307136767039,0.0,-0.008561555460245488,-0.013024637644923733,0.42753433103928706,-0.5300892722146877,0.1314152368319349,-0.5311308040128322,-0.036609518808885466,-0.11500247340191565,-0.041209918241895994,-0.009679165710237038,-0.013149864040606297,-0.18128870498259042,-0.07703202642643925,0.14515702463597427,-0.0013514056455833673,-0.5483255945095415,-0.7311242645047866,-0.14935671258153319,1.242012032953128,-1.0993333784108739,23.00912944982528,-0.09906170038344883,15.695639155074279,25.302418166407424,4.6435355523987,-0.07778072635670785,4.502385637948231,4.730976540241633,-0.014741335287755725,-0.01662127330365834,-0.0822165991513756,0,-0.08650501930317857
-1.731908462050951,192.168.10.17-192.168.10.3-45344-3268-6,192.168.10.17,-0.11314473593357413,192.168.10.3,0.051359593779158524,-0.7232493275194589,2017-07-07 12:01:46.565454,-0.3524851129888561,0.014297350247358308,0.00406601947549898,1.2101504696280356,-0.0037214699254822913,2.385720284935745,-0.4844876123523648,1.8069865266111154,2.241619274780362,0.5303117882584892,-0.5685433340914545,0.03305561012130553,0.23020808799688106,-0.0414645446344354,-0.2501146784494482,-0.21529401574740678,-0.27329874939930904,-0.33793615021244144,-0.027533121451324975,-0.3509135112119624,-0.18157127164794198,-0.3539411236932978,-0.3359621833075991,-0.09998084819170193,-0.3072388173466882,-0.1726955441199354,-0.24264658123899074,-0.2585016637965687,-0.10587682666433705,2.127418182396009,0.5735432709188318,0.0,0.0,-0.2671501920824565,-0.6654438825808668,0.7930125615343547,0.4367207966495089,-0.22751175138655197,-0.24743915759659083,-0.6129360503965483,0.515804563928139,0.38236804875382086,0.25199671324708944,-0.21273499108556146,-0.6340298849459857,3.4118354733727565,-0.5834809986940462,1.0215392006263107,0.008478163913243521,0.0,-0.008561555460245488,-0.013024637644923733,-0.9410663736152309,0.3823680487538212,1.806986526611116,0.03305561012130579,-0.036609518808885466,-0.11500247340191565,-0.041209918241895994,-0.009679165710237038,-0.013149864040606297,-0.18128870498259042,-0.07703202642643925,2.3762734195362416,-0.0013514056455833673,0.035591264723140795,1.5896407120950593,0.3860272330863847,1.6292563018370156,1.0834990263494304,-0.18223915102400545,-0.09906170038344883,-0.18886755727307628,-0.1684607987852684,-0.3141690938223369,-0.07778072635670785,-0.31415856888235094,-0.30506642101953546,-0.014741335287755725,-0.01662127330365834,-0.08192845796390254,0,-0.08650501930317857
-1.7319021355833593,192.168.10.17-192.168.10.3-51952-389-6,192.168.10.17,0.2988290922060593,192.168.10.3,-0.28324245171488005,-0.7232493275194589,2017-07-07 12:01:45.266280,-0.30420809633662144,0.029714138437529937,0.010927661128853105,1.5346049811254205,-0.002765727159683265,2.385720284935745,-0.4844876123523648,1.3816820793329814,1.7956118231911549,0.5303117882584892,-0.5685433340914545,-0.04607073367470521,0.10049980374025407,-0.09827523766665594,-0.25572724400243785,-0.20601973966780815,-0.24154128118981177,-0.24814342164826417,-0.027533121451324975,-0.3025942931996304,-0.17568929566801111,-0.2939033428472423,-0.2461580374130074,-0.09998084819170193,-0.25724518470239566,-0.16341649047399653,-0.16847932547479957,-0.16427909434409033,-0.10587682666433705,3.541864084954809,0.9660579180491948,0.0,0.0,-0.2671501920824565,-0.6654438825808668,1.3483493435335916,0.7121536894821007,-0.2330161518025105,-0.2524870935531103,-0.6129360503965483,0.515804563928139,0.2062657680032585,0.10791886757772397,-0.2817124803327369,-0.6340298849459857,3.4118354733727565,-0.5834809986940462,1.7105423988604247,0.01898435483738728,0.0,-0.008561555460245488,-0.013024637644923733,-1.1561321986323694,0.20626576800325866,1.3816820793329823,-0.04607073367470493,-0.036609518808885466,-0.11500247340191565,-0.041209918241895994,-0.009679165710237038,-0.013149864040606297,-0.18128870498259042,-0.07703202642643925,1.880469776225071,-0.0013514056455833673,-0.06921432539554578,1.5896407120950593,0.38525541576922767,2.7909891084886786,1.0834990263494304,-0.18223915102400545,-0.09906170038344883,-0.18886755727307628,-0.1684607987852684,-0.3141690938223369,-0.07778072635670785,-0.31415856888235094,-0.30506642101953546,-0.014741335287755725,-0.01662127330365834,-0.07529648823428511,0,-0.08650501930317857
-1.7318958091157675,192.168.10.17-91.189.89.198-123-123-17,192.168.10.17,-2.93243476049507,91.189.89.198,-0.31415740277476695,1.3785843043051424,2017-07-07 12:02:06.150805,2.1017539120458895,-0.0103695108569163,-0.008513656888983583,-0.09025803154311947,-0.007143151558166627,-0.16507905073826745,1.0380600639759594,0.1314152368319349,-0.2187323574701005,-0.5189943386114796,0.12935092773311405,-0.5311308040128323,-0.4965478017276544,-0.10142892473054729,-0.2561047739319399,7.191133997954919,7.271341441152631,5.086912796748952,0.05656604232647403,2.1018597667857786,8.098191485897106,-0.3569248911716822,5.098850279435114,8.407868807745269,2.154026590666018,8.09851722448438,-0.24373888953991465,5.301923441975,8.4734133421629,-0.2299916552019907,-0.08064780763177311,0.0,0.0,-0.2671501920824565,-0.6654438825808668,-0.20659364606427175,-0.16005047115443977,-0.23339680810746266,-0.2528134901231151,1.3446710650832692,-0.5278871356671634,-0.5300892722146879,-0.5575985117154051,-0.4254611401582919,-0.6340298849459857,-1.1229701496826026,-0.5834809986940462,-0.1267994630972131,-0.010564307136767039,0.0,-0.008561555460245488,-0.013024637644923733,0.42753433103928706,-0.5300892722146877,0.1314152368319349,-0.5311308040128322,-0.036609518808885466,-0.11500247340191565,-0.041209918241895994,-0.009679165710237038,-0.013149864040606297,-0.18128870498259042,-0.07703202642643925,0.14515702463597427,-0.0013514056455833673,-0.5483255945095415,-0.7311242645047866,-0.14935671258153319,-0.11334290814047901,-1.0993333784108739,-0.05345981876366106,-0.09906170038344883,-0.10066249258249396,-0.02702357523557903,5.246313193229261,-0.07778072635670785,5.088000425663038,5.343278868018304,-0.014741335287755725,-0.01662127330365834,-0.0822165991513756,0,-0.08650501930317857
-1.7318894826481757,192.168.10.14-134.170.115.55-49447-443-6,192.168.10.14,0.14265559954719403,134.170.115.55,-0.276966484206482,-0.7232493275194589,2017-07-07 12:01:35.853651,3.4861501653200815,-0.0011194379428133227,0.001778805591047605,0.27531995596241693,-0.00472826732620648,0.5870538759071134,-0.4844876123523648,1.1075851177077523,0.8748968754471703,-0.028554003907607994,-0.5685433340914545,-0.06696506935825713,-0.05262704266780937,-0.10141166270912357,-0.2561034287870937,1.7143559583754835,2.9714025170639977,4.612194184852287,-0.02752240169557751,3.491077310601852,1.670290777916327,6.742526406685277,4.622077125265362,-0.09994854492480262,3.543095653185217,1.1209894651144805,5.738454233381398,4.808079612628832,-0.10587066025809766,0.7129722798372092,0.1810286237884689,0.0,0.0,-0.2671501920824565,-0.6654438825808668,0.06413303516035623,0.14981153328222593,-0.2333959379723012,-0.2528117124317101,-0.6129360503965483,-0.040070955651086926,0.2819109922624722,-0.008904706329593568,-0.32774976700855557,-0.6340298849459857,1.1444326618450769,-0.5834809986940462,0.3325360023921964,0.0012551576528946884,0.0,-0.008561555460245488,-0.013024637644923733,2.275145282322886,0.281910992262472,1.1075851177077523,-0.06696506935825679,-0.036609518808885466,-0.11500247340191565,-0.041209918241895994,-0.009679165710237038,-0.013149864040606297,-0.18128870498259042,-0.07703202642643925,0.9714964301545919,-0.0013514056455833673,0.14039685484182737,-0.08003841901485727,-0.08452405794034369,0.4675234951853526,-0.007917176030721758,-0.0573536353523924,-0.013290186489109271,-0.0816220983891142,-0.06610802413761122,3.8617552199506098,7.726051104813777,4.615563258011937,3.024374209315708,-0.014741335287755725,-0.01662127330365834,0.44539727038778915,0,-0.08650501930317857
-1.7318831561805839,192.168.10.17-208.81.1.244-123-123-17,192.168.10.17,-2.93243476049507,208.81.1.244,-0.31415740277476695,1.3785843043051424,2017-07-07 12:02:04.150878,2.253083164718737,-0.0026611167618304857,-0.0027956221778551453,-0.012544376094644063,-0.0070206204343462395,-0.16507905073826745,1.0380600639759594,0.1314152368319349,-0.2187323574701005,-0.5189943386114796,0.12935092773311405,-0.5311308040128323,-0.4965478017276544,-0.10142685491696338,-0.25610325780775045,1.5987025222701017,2.9756568251414914,4.581638471261293,0.010671194719660975,2.2552863542637596,1.284292289547973,6.453982061335918,4.5890210605756865,0.16587769709473826,2.3079090531258264,1.2918785038472662,6.389621110534684,4.780548703199285,0.162157414976909,-0.2299916552019907,-0.08064780763177311,0.0,0.0,-0.2671501920824565,-0.6654438825808668,-0.13717654831436712,-0.10266861848098315,-0.23339552546908257,-0.2528118682266955,1.3446710650832692,-0.5278871356671634,-0.5300892722146879,-0.5575985117154051,-0.4254611401582919,-0.6340298849459857,-1.1229701496826026,-0.5834809986940462,-0.1267994630972131,-0.010564307136767039,0.0,-0.008561555460245488,-0.013024637644923733,0.42753433103928706,-0.5300892722146877,0.1314152368319349,-0.5311308040128322,-0.036609518808885466,-0.11500247340191565,-0.041209918241895994,-0.009679165710237038,-0.013149864040606297,-0.18128870498259042,-0.07703202642643925,0.14515702463597427,-0.0013514056455833673,-0.5483255945095415,-0.7311242645047866,-0.14935671258153319,0.8547677640692403,-1.0993333784108739,13.500498823924307,-0.09906170038344883,9.182875307371715,14.85917163078991,4.728730044057031,-0.07778072635670785,4.585154391743113,4.817517217968611,-0.014741335287755725,-0.01662127330365834,-0.0822165991513756,0,-0.08650501930317857
-1.7318768297129923,192.168.10.17-206.75.89.101-123-123-17,192.168.10.17,-2.93243476049507,206.75.89.101,-0.31415740277476695,1.3785843043051424,2017-07-07 12:02:04.150804,2.29306178948176,-0.0026611167618304857,-0.0027956221778551453,-0.012544376094644063,-0.0070206204343462395,-0.16507905073826745,1.0380600639759594,0.1314152368319349,-0.2187323574701005,-0.5189943386114796,0.12935092773311405,-0.5311308040128323,-0.4965478017276544,-0.10142689977744103,-0.25610329066774123,1.62652294844895,3.0290238579761604,4.662926310315394,0.04921675644860789,2.293646568372758,1.3058568470452592,6.575601777574897,4.673992483755667,0.16587876057677609,2.346376476034073,1.3134192787212526,6.508085862919577,4.867456282442929,0.16219159831584473,-0.2299916552019907,-0.08064780763177311,0.0,0.0,-0.2671501920824565,-0.6654438825808668,-0.13717654831436712,-0.10266861848098315,-0.23339555326857664,-0.2528119033791598,1.3446710650832692,-0.5278871356671634,-0.5300892722146879,-0.5575985117154051,-0.4254611401582919,-0.6340298849459857,-1.1229701496826026,-0.5834809986940462,-0.1267994630972131,-0.010564307136767039,0.0,-0.008561555460245488,-0.013024637644923733,0.42753433103928706,-0.5300892722146877,0.1314152368319349,-0.5311308040128322,-0.036609518808885466,-0.11500247340191565,-0.041209918241895994,-0.009679165710237038,-0.013149864040606297,-0.18128870498259042,-0.07703202642643925,0.14515702463597427,-0.0013514056455833673,-0.5483255945095415,-0.7311242645047866,-0.14935671258153319,0.8547677640692403,-1.0993333784108739,13.5592071691395,-0.09906170038344883,9.223086522142689,14.923650497085374,4.811998109748714,-0.07778072635670785,4.666051570587152,4.902101029641232,-0.014741335287755725,-0.01662127330365834,-0.0822165991513756,0,-0.08650501930317857
-1.7318705032454005,192.168.10.17-192.95.27.155-123-123-17,192.168.10.17,-2.93243476049507,192.95.27.155,-0.31415740277476695,1.3785843043051424,2017-07-07 12:02:06.150868,2.2903838294015766,-0.0026611167618304857,-0.0027956221778551453,-0.012544376094644063,-0.0070206204343462395,-0.16507905073826745,1.0380600639759594,0.1314152368319349,-0.2187323574701005,-0.5189943386114796,0.12935092773311405,-0.5311308040128323,-0.4965478017276544,-0.10142689681484864,-0.25610328849766273,1.6246594028377068,3.034453605890239,4.668847353132233,-0.01308289070374229,2.293644228570503,1.3058555317032718,6.57559348287738,4.6739867906019965,0.16587876057677609,2.346366513250498,1.3134136998167696,6.508076504948936,4.867446810331393,0.16221894498699332,-0.2299916552019907,-0.08064780763177311,0.0,0.0,-0.2671501920824565,-0.6654438825808668,-0.13717654831436712,-0.10266861848098315,-0.23339555143269405,-0.25281190105768603,1.3446710650832692,-0.5278871356671634,-0.5300892722146879,-0.5575985117154051,-0.4254611401582919,-0.6340298849459857,-1.1229701496826026,-0.5834809986940462,-0.1267994630972131,-0.010564307136767039,0.0,-0.008561555460245488,-0.013024637644923733,0.42753433103928706,-0.5300892722146877,0.1314152368319349,-0.5311308040128322,-0.036609518808885466,-0.11500247340191565,-0.041209918241895994,-0.009679165710237038,-0.013149864040606297,-0.18128870498259042,-0.07703202642643925,0.14515702463597427,-0.0013514056455833673,-0.5483255945095415,-0.7311242645047866,-0.14935671258153319,0.8547677640692403,-1.0993333784108739,13.4641533567663,-0.09906170038344883,9.15798113976258,14.81925371948212,4.818063393165926,-0.07778072635670785,4.671944157538298,4.908262152588438,-0.014741335287755725,-0.01662127330365834,-0.0822165991513756,0,-0.08650501930317857
-1.7318641767778087,192.168.10.17-171.66.97.126-123-123-17,192.168.10.17,-2.93243476049507,171.66.97.126,-0.31415740277476695,1.3785843043051424,2017-07-07 12:02:08.150811,2.216334517681116,-0.0026611167618304857,-0.0027956221778551453,-0.012544376094644063,-0.0070206204343462395,-0.16507905073826745,1.0380600639759594,0.1314152368319349,-0.2187323574701005,-0.5189943386114796,0.12935092773311405,-0.5311308040128323,-0.4965478017276544,-0.10142681245021833,-0.25610322670115226,1.573129781132986,2.9157348011592643,4.493200990206586,0.04744799675027618,2.216931395120481,1.2627306861794125,6.332353612586136,4.50404649341532,0.16587689948320988,2.269418165746611,1.270324589468513,6.271166970989778,4.693638777652783,0.1621716245217215,-0.2299916552019907,-0.08064780763177311,0.0,0.0,-0.2671501920824565,-0.6654438825808668,-0.13717654831436712,-0.10266861848098315,-0.2333954991529556,-0.2528118349499491,1.3446710650832692,-0.5278871356671634,-0.5300892722146879,-0.5575985117154051,-0.4254611401582919,-0.6340298849459857,-1.1229701496826026,-0.5834809986940462,-0.1267994630972131,-0.010564307136767039,0.0,-0.008561555460245488,-0.013024637644923733,0.42753433103928706,-0.5300892722146877,0.1314152368319349,-0.5311308040128322,-0.036609518808885466,-0.11500247340191565,-0.041209918241895994,-0.009679165710237038,-0.013149864040606297,-0.18128870498259042,-0.07703202642643925,0.14515702463597427,-0.0013514056455833673,-0.5483255945095415,-0.7311242645047866,-0.14935671258153319,0.8547677640692403,-1.0993333784108739,13.556653980795454,-0.09906170038344883,9.22133776215845,14.920846352474255,4.6381381662588135,-0.07778072635670785,4.497141931273629,4.725493868235405,-0.014741335287755725,-0.01662127330365834,-0.0822165991513756,0,-0.08650501930317857
-1.7318578503102169,192.168.10.17-99.224.25.39-123-123-17,192.168.10.17,-2.93243476049507,99.224.25.39,-0.31415740277476695,1.3785843043051424,2017-07-07 12:01:54.150812,2.7901826518797948,-0.0011194379428133227,-0.0016520152356294577,0.0029983549950510203,-0.006996114209582162,-0.16507905073826745,1.0380600639759594,0.1314152368319349,-0.2187323574701005,-0.5189943386114796,0.12935092773311405,-0.5311308040128323,-0.4965478017276544,-0.1014270103965759,-0.2561033716954954,1.6806757094406768,2.8264567629787445,4.663819134293586,0.019077269851631367,2.7922954054783373,1.333582038232142,5.973831979302952,4.673994693039181,0.16587623480693622,2.8462815678041675,1.34103809616955,5.919521344535801,4.8658925150384364,0.16155659252549748,-0.2299916552019907,-0.08064780763177311,0.0,0.0,-0.2671501920824565,-0.6654438825808668,-0.12329312876438621,-0.09119224794629183,-0.23339562181791318,-0.2528119900598059,1.3446710650832692,-0.5278871356671634,-0.5300892722146879,-0.5575985117154051,-0.4254611401582919,-0.6340298849459857,-1.1229701496826026,-0.5834809986940462,-0.1267994630972131,-0.010564307136767039,0.0,-0.008561555460245488,-0.013024637644923733,0.42753433103928706,-0.5300892722146877,0.1314152368319349,-0.5311308040128322,-0.036609518808885466,-0.11500247340191565,-0.041209918241895994,-0.009679165710237038,-0.013149864040606297,-0.18128870498259042,-0.07703202642643925,0.14515702463597427,-0.0013514056455833673,-0.5483255945095415,-0.7311242645047866,-0.14935671258153319,1.0483898985111841,-1.0993333784108739,6.723327400362334,18.362757050544978,9.213364760394667,-0.07633552062480073,2.812264239126379,17.303005591297648,4.666940103753742,0.8385073633152561,-0.014741335287755725,-0.01662127330365834,-0.0822165991513756,0,-0.08650501930317857
-1.731851523842625,192.168.10.25-192.168.10.255-138-138-17,192.168.10.25,-2.931499589880346,192.168.10.255,-0.3124140784668786,1.3785843043051424,2017-07-07 12:00:41.949996,3.5595861794581736,0.060547714817873195,-0.010800870773434959,3.235886421651628,-0.007192164007694782,0.17368323257654214,6.366976931125094,1.6914298859366894,-0.2187323574701005,-0.535666531292631,-0.5685433340914545,-0.5881525601546694,-0.4965478017276544,-0.10139928834740411,-0.2561004632267289,0.5374654290570676,2.0343067260493926,5.7525840414217235,-0.027533121451324975,3.5645775188408155,0.09915822282528071,3.0016361254577713,5.756729364699268,-0.09998084819170193,-0.30780311864031595,-0.1728535412797156,-0.24373888953991465,-0.25964622509051544,-0.1058772288212657,-0.2299916552019907,-0.08064780763177311,0.0,0.0,-0.2671501920824565,-0.6654438825808668,0.43204365323485067,-0.1830032122238224,-0.2333889559846872,-0.2528141962513848,8.19629596926263,-0.4698466836539192,-0.02572950490371417,-0.5575985117154051,-0.4254611401582919,-0.6340298849459857,-1.1229701496826026,-0.5834809986940462,-0.1267994630972131,-0.010564307136767039,0.0,-0.008561555460245488,-0.013024637644923733,-4.499428205716978,-0.025729504903714,1.6914298859366894,-0.5881525601546692,2.2743841287945874,10.723161372259423,0.03722999723868408,-0.009679165710237038,-0.013149864040606297,-0.18128870498259042,12.98161357542551,4.111586171125338,-0.0013514056455833673,-0.6201922848766409,-0.7311242645047866,-0.14935671258153319,8.793275276188938,-1.0993333784108739,-0.1556602423741575,-0.027362363549454347,-0.152516865476913,-0.16836652924924894,4.127522301171512,15.565750000510455,5.7504725292182375,2.377678148720678,-0.014741335287755725,-0.01662127330365834,-0.0822165991513756,0,-0.08650501930317857
-1.7318451973750333,192.168.10.17-91.189.89.199-123-123-17,192.168.10.17,-2.93243476049507,91.189.89.199,-0.31415740277476695,1.3785843043051424,2017-07-07 12:02:17.150817,2.10175609650894,-0.0103695108569163,-0.008513656888983583,-0.09025803154311947,-0.007143151558166627,-0.16507905073826745,1.0380600639759594,0.1314152368319349,-0.2187323574701005,-0.5189943386114796,0.12935092773311405,-0.5311308040128323,-0.4965478017276544,-0.1014289247313487,-0.25610477393252695,7.191140585183421,7.271198645001793,5.086846032440431,0.056625894296064044,2.1018593832116386,8.098190192118102,-0.3569248911716822,5.098849429710686,8.407867478392722,2.1539989333633516,8.098424300183455,-0.24373888953991465,5.301860960798905,8.473316958552333,-0.2299916552019907,-0.08064780763177311,0.0,0.0,-0.2671501920824565,-0.6654438825808668,-0.20659364606427175,-0.16005047115443977,-0.23339680810795926,-0.25281349012374305,1.3446710650832692,-0.5278871356671634,-0.5300892722146879,-0.5575985117154051,-0.4254611401582919,-0.6340298849459857,-1.1229701496826026,-0.5834809986940462,-0.1267994630972131,-0.010564307136767039,0.0,-0.008561555460245488,-0.013024637644923733,0.42753433103928706,-0.5300892722146877,0.1314152368319349,-0.5311308040128322,-0.036609518808885466,-0.11500247340191565,-0.041209918241895994,-0.009679165710237038,-0.013149864040606297,-0.18128870498259042,-0.07703202642643925,0.14515702463597427,-0.0013514056455833673,-0.5483255945095415,-0.7311242645047866,-0.14935671258153319,-0.11334290814047901,-1.0993333784108739,-0.052402575351185365,-0.09906170038344883,-0.09993835290919154,-0.02586241396651406,5.246244802497111,-0.07778072635670785,5.087933982216274,5.343209396621794,-0.014741335287755725,-0.01662127330365834,-0.0822165991513756,0,-0.08650501930317857
-1.7318388709074415,192.168.10.17-144.217.240.204-123-123-17,192.168.10.17,-2.93243476049507,144.217.240.204,-0.31415740277476695,1.3785843043051424,2017-07-07 12:02:11.150799,2.175415079173822,-0.0026611167618304857,-0.0027956221778551453,-0.012544376094644063,-0.0070206204343462395,-0.16507905073826745,1.0380600639759594,0.1314152368319349,-0.2187323574701005,-0.5189943386114796,0.12935092773311405,-0.5311308040128323,-0.4965478017276544,-0.1014267637120629,-0.2561031910007892,1.544654659114156,2.864355008673243,4.414031601349049,-0.013126663039711104,2.1785778168441072,1.2411698590782545,6.210741947791364,4.419082207920539,0.1658751713248984,2.230963436732495,1.2487909228512037,6.152725387364524,4.606750142632211,0.16218422543881938,-0.2299916552019907,-0.08064780763177311,0.0,0.0,-0.2671501920824565,-0.6654438825808668,-0.13717654831436712,-0.10266861848098315,-0.23339546895051166,-0.2528117967589543,1.3446710650832692,-0.5278871356671634,-0.5300892722146879,-0.5575985117154051,-0.4254611401582919,-0.6340298849459857,-1.1229701496826026,-0.5834809986940462,-0.1267994630972131,-0.010564307136767039,0.0,-0.008561555460245488,-0.013024637644923733,0.42753433103928706,-0.5300892722146877,0.1314152368319349,-0.5311308040128322,-0.036609518808885466,-0.11500247340191565,-0.041209918241895994,-0.009679165710237038,-0.013149864040606297,-0.18128870498259042,-0.07703202642643925,0.14515702463597427,-0.0013514056455833673,-0.5483255945095415,-0.7311242645047866,-0.14935671258153319,0.8547677640692403,-1.0993333784108739,13.464202404141105,-0.09906170038344883,9.158014733871136,14.819307587788417,4.55704015764067,-0.07778072635670785,4.418353021592824,4.643114403418958,-0.014741335287755725,-0.01662127330365834,-0.0822165991513756,0,-0.08650501930317857
-1.73183254443985,192.168.10.17-144.217.163.175-123-123-17,192.168.10.17,-2.93243476049507,144.217.163.175,-0.31415740277476695,1.3785843043051424,2017-07-07 12:01:51.150824,3.0185558851716765,0.0004222408762038405,-0.00050840829340377,0.018541086084746104,-0.006971607984818084,-0.16507905073826745,1.0380600639759594,0.1314152368319349,-0.2187323574701005,-0.5189943386114796,0.12935092773311405,-0.5311308040128323,-0.4965478017276544,-0.10142687290696117,-0.2561032709852999,1.5790738143829297,2.5768629058974355,4.413964242447451,-0.01296765332945704,3.0224371662085954,1.2411680855228697,5.375800692115949,4.4190754950975535,0.16587889351203083,3.0772323158342245,1.2487965340659446,5.339521797095867,4.606723116699296,0.1614682520535028,-0.2299916552019907,-0.08064780763177311,0.0,0.0,-0.2671501920824565,-0.6654438825808668,-0.10940970921440528,-0.07971587741160051,-0.2333955366172661,-0.2528118823235752,1.3446710650832692,-0.5278871356671634,-0.5300892722146879,-0.5575985117154051,-0.4254611401582919,-0.6340298849459857,-1.1229701496826026,-0.5834809986940462,-0.1267994630972131,-0.010564307136767039,0.0,-0.008561555460245488,-0.013024637644923733,0.42753433103928706,-0.5300892722146877,0.1314152368319349,-0.5311308040128322,-0.036609518808885466,-0.11500247340191565,-0.041209918241895994,-0.009679165710237038,-0.013149864040606297,-0.18128870498259042,-0.07703202642643925,0.14515702463597427,-0.0013514056455833673,-0.5483255945095415,-0.7311242645047866,-0.14935671258153319,1.242012032953128,-1.0993333784108739,8.01502748261175,14.650749772705948,9.1586418238975,2.8487389491042903,2.9908003336686533,13.528448048100742,4.418285986410529,1.4612075085942198,-0.014741335287755725,-0.01662127330365834,-0.0822165991513756,0,-0.08650501930317857
-1.731826217972258,192.168.10.14-137.116.74.190-49448-443-6,192.168.10.14,0.1427179442548423,137.116.74.190,-0.276966484206482,-0.7232493275194589,2017-07-07 12:02:23.931947,-0.3402449533350411,0.0019639196952210033,-0.0016520152356294577,0.1827111832196504,-0.00359485443086789,0.264423129893009,-0.4844876123523648,0.5576335248909126,0.504190390837612,-0.028554003907607994,-0.5685433340914545,0.45813726738539323,-0.026480363771723525,-0.09500923755468607,-0.25559655189197916,-0.20829679311381885,-0.2700471230118918,-0.3365839606102313,-0.027517935130682732,-0.33866265182106714,-0.17660973317740208,-0.34683815436764975,-0.33192174365011506,-0.09995612223432221,-0.29655352039728133,-0.16745398026666233,-0.23098805035717038,-0.24959779205265564,-0.10587079431040722,0.7129722798372092,0.1810286237884689,0.0,0.0,-0.2671501920824565,-0.6654438825808668,0.13355013291026085,0.06373875427204101,-0.23291901834246684,-0.2523302991664823,-0.6129360503965483,-0.040070955651086926,0.6575912512712393,0.10936273891694587,-0.28108806472421244,-0.6340298849459857,1.1444326618450769,-0.5834809986940462,0.3325360023921964,0.0005985207201357035,0.0,-0.008561555460245488,-0.013024637644923733,-0.5578581763119657,0.6575912512712394,0.5576335248909126,0.4581372673853933,-0.036609518808885466,-0.11500247340191565,-0.041209918241895994,0.01040879989368434,0.027559236916482793,1.635948366096082,-0.07703202642643925,0.7235946084990066,-0.0013514056455833673,0.5506358790206862,-0.08003841901485727,-0.018147768664840174,0.4675234951853526,-0.007917176030721758,-0.18223915102400545,-0.09906170038344883,-0.18886755727307628,-0.1684607987852684,-0.3141690938223369,-0.07778072635670785,-0.31415856888235094,-0.30506642101953546,-0.014741335287755725,-0.01662127330365834,-0.08024698769214687,0,-0.08650501930317857
-1.7318198915046663,192.168.10.17-198.100.147.178-123-123-17,192.168.10.17,-2.93243476049507,198.100.147.178,-0.31415740277476695,1.3785843043051424,2017-07-07 12:02:15.150968,2.2137447792490366,-0.0026611167618304857,-0.0027956221778551453,-0.012544376094644063,-0.0070206204343462395,-0.16507905073826745,1.0380600639759594,0.1314152368319349,-0.2187323574701005,-0.5189943386114796,0.12935092773311405,-0.5311308040128323,-0.4965478017276544,-0.10142680941167759,-0.25610322447544215,1.5713276274246166,2.921008322433835,4.498924713063256,-0.012787204107708049,2.216926447014073,1.262727904554554,6.332360691027431,4.504048787671277,0.16587224674929435,2.2694152038379807,1.2703229308752881,6.271159982908587,4.693633389846221,0.16213878170588128,-0.2299916552019907,-0.08064780763177311,0.0,0.0,-0.2671501920824565,-0.6654438825808668,-0.13717654831436712,-0.10266861848098315,-0.23339549727000877,-0.25281183256896256,1.3446710650832692,-0.5278871356671634,-0.5300892722146879,-0.5575985117154051,-0.4254611401582919,-0.6340298849459857,-1.1229701496826026,-0.5834809986940462,-0.1267994630972131,-0.010564307136767039,0.0,-0.008561555460245488,-0.013024637644923733,0.42753433103928706,-0.5300892722146877,0.1314152368319349,-0.5311308040128322,-0.036609518808885466,-0.11500247340191565,-0.041209918241895994,-0.009679165710237038,-0.013149864040606297,-0.18128870498259042,-0.07703202642643925,0.14515702463597427,-0.0013514056455833673,-0.5483255945095415,-0.7311242645047866,-0.14935671258153319,0.8547677640692403,-1.0993333784108739,13.46467244148299,-0.09906170038344883,9.158336677411457,14.819823825723761,4.644001322868413,-0.07778072635670785,4.502838146562136,4.731449670503104,-0.014741335287755725,-0.01662127330365834,-0.0822165991513756,0,-0.08650501930317857
-1.7318135650370745,192.168.10.17-45.79.109.111-123-123-17,192.168.10.17,-2.93243476049507,45.79.109.111,-0.31415740277476695,1.3785843043051424,2017-07-07 12:02:15.150909,2.2162163650568303,-0.0026611167618304857,-0.0027956221778551453,-0.012544376094644063,-0.0070206204343462395,-0.16507905073826745,1.0380600639759594,0.1314152368319349,-0.2187323574701005,-0.5189943386114796,0.12935092773311405,-0.5311308040128323,-0.4965478017276544,-0.10142681231172311,-0.25610322659970547,1.573047560786957,2.9159867353824405,4.493479684476632,0.044773417691283686,2.2169285950292577,1.2627291120816246,6.332360934262178,4.504049722368149,0.16587942525304974,2.2694234741023385,1.2703275620122143,6.27120222222912,4.693662327581464,0.16220138413444202,-0.2299916552019907,-0.08064780763177311,0.0,0.0,-0.2671501920824565,-0.6654438825808668,-0.13717654831436712,-0.10266861848098315,-0.2333954990671318,-0.2528118348414249,1.3446710650832692,-0.5278871356671634,-0.5300892722146879,-0.5575985117154051,-0.4254611401582919,-0.6340298849459857,-1.1229701496826026,-0.5834809986940462,-0.1267994630972131,-0.010564307136767039,0.0,-0.008561555460245488,-0.013024637644923733,0.42753433103928706,-0.5300892722146877,0.1314152368319349,-0.5311308040128322,-0.036609518808885466,-0.11500247340191565,-0.041209918241895994,-0.009679165710237038,-0.013149864040606297,-0.18128870498259042,-0.07703202642643925,0.14515702463597427,-0.0013514056455833673,-0.5483255945095415,-0.7311242645047866,-0.14935671258153319,0.8547677640692403,-1.0993333784108739,13.552084400376069,-0.09906170038344883,9.218207911044718,14.9158276219376,4.638423649709426,-0.07778072635670785,4.497419286170364,4.7257838627035325,-0.014741335287755725,-0.01662127330365834,-0.0822165991513756,0,-0.08650501930317857
-1.7318072385694827,192.168.10.17-91.189.91.157-123-123-17,192.168.10.17,-2.93243476049507,91.189.91.157,-0.31415740277476695,1.3785843043051424,2017-07-07 12:02:19.150836,2.1761897587545254,-0.0103695108569163,-0.008513656888983583,-0.09025803154311947,-0.007143151558166627,-0.16507905073826745,1.0380600639759594,0.1314152368319349,-0.2187323574701005,-0.5189943386114796,0.12935092773311405,-0.5311308040128323,-0.4965478017276544,-0.10142895123511733,-0.2561047933463549,7.415594618090514,7.521491347168033,5.261690629070755,0.005032603196494437,2.1785734440989093,8.35694340535407,-0.3569248911716822,5.268792615960419,8.673735329146993,2.230956551256588,8.356990109361343,-0.24373888953991465,5.47571748373657,8.741508443552682,-0.2299916552019907,-0.08064780763177311,0.0,0.0,-0.2671501920824565,-0.6654438825808668,-0.20659364606427175,-0.16005047115443977,-0.23339682453202332,-0.25281351089197446,1.3446710650832692,-0.5278871356671634,-0.5300892722146879,-0.5575985117154051,-0.4254611401582919,-0.6340298849459857,-1.1229701496826026,-0.5834809986940462,-0.1267994630972131,-0.010564307136767039,0.0,-0.008561555460245488,-0.013024637644923733,0.42753433103928706,-0.5300892722146877,0.1314152368319349,-0.5311308040128322,-0.036609518808885466,-0.11500247340191565,-0.041209918241895994,-0.009679165710237038,-0.013149864040606297,-0.18128870498259042,-0.07703202642643925,0.14515702463597427,-0.0013514056455833673,-0.5483255945095415,-0.7311242645047866,-0.14935671258153319,-0.11334290814047901,-1.0993333784108739,-0.13199965252524115,-0.09906170038344883,-0.1544569252459797,-0.11328319337705872,5.425348731540666,-0.07778072635670785,5.26193829538424,5.525143405514706,-0.014741335287755725,-0.01662127330365834,-0.0822165991513756,0,-0.08650501930317857
-1.731800912101891,8.6.0.1-8.0.6.4-0-0-0,8.6.0.1,-2.9401031595358047,8.0.6.4,-0.32845266209945145,-1.8697040357874233,2017-07-07 12:02:32.500575,4.163642754969501,0.11296479466445675,-0.010800870773434959,-0.12134349372250963,-0.007192164007694782,-0.2618682745424987,-0.4844876123523648,-0.3143032343408521,-0.2187323574701005,-0.535666531292631,-0.5685433340914545,-0.5881525601546694,-0.4965478017276544,-0.10142982586940365,-0.2560980775462046,0.28869080193291013,0.6240455528373448,1.6659451338617002,-0.02753401476430393,4.169162130482586,0.006322087028803561,0.9504759745818798,1.6686194869972921,-0.09998098112695666,-0.30780311864031595,-0.1728535412797156,-0.24373888953991465,-0.25964622509051544,-0.1058772288212657,-0.2299916552019907,-0.08064780763177311,0.0,0.0,-0.2671501920824565,-0.6654438825808668,-0.23436048516423358,-0.1830032122238224,-0.23338491942168765,-0.2528141962513848,-0.6129360503965483,-0.5444701219566618,-0.6741920628749661,-0.5575985117154051,-0.4254611401582919,-0.6340298849459857,-1.1229701496826026,-0.5834809986940462,-0.1267994630972131,-0.010564307136767039,0.0,-0.008561555460245488,-0.013024637644923733,-4.499428205716978,-0.6741920628749659,-0.3143032343408521,-0.5881525601546692,-0.036609518808885466,-0.11500247340191565,-0.041209918241895994,-0.009679165710237038,-0.013149864040606297,-0.18128870498259042,12.98161357542551,-0.3506466186751962,-0.0013514056455833673,-0.6201922848766409,-0.7311242645047866,-0.14935671258153319,-0.30696504258242285,-1.826944179997642,2.7337928160572953,7.497688238616443,7.014263619767368,-0.1684533170760605,0.7818788452833364,3.871068750739889,1.68347354852373,0.1808775125100012,-0.014741335287755725,-0.01662127330365834,-0.0822165991513756,0,-0.08650501930317857
-1.7317945856342993,192.168.10.5-65.152.202.163-49183-80-6,192.168.10.5,0.12619659672805614,65.152.202.163,-0.31915493245738025,-0.7232493275194589,2017-07-07 12:02:14.551012,-0.3488805956600985,-0.007286153218881975,-0.007370049946757895,-0.028734720979743104,-0.007073717254668407,0.3148341839577128,-0.4844876123523648,0.3496315716769452,0.6251110383245545,-0.4550842666670657,-0.5685433340914545,-0.4962841752594875,-0.3932744475628553,-0.10038250654242346,-0.2556078204805554,-0.20732931687084138,-0.268906761861006,-0.3354761487632545,-0.02750096218408258,-0.3473058429939345,-0.17557130302284907,-0.3405046418691699,-0.33012364178698117,-0.09997606252253166,-0.30626107976785855,-0.17026303406447255,-0.23570414158292843,-0.2562028083968217,-0.10581516260194318,0.005749328557809278,-0.015228699776712613,0.0,0.0,-0.2671501920824565,-0.6654438825808668,-0.07470116033945298,-0.07971587741160051,-0.23291624634388325,-0.2523579138398273,-0.6129360503965483,-0.44566316198173406,-0.4520335939403705,-0.4081320191260036,-0.4182105611553059,-0.6340298849459857,1.1444326618450769,-0.5834809986940462,-0.011965596724860724,-0.00662448554021313,0.0,-0.008561555460245488,-0.013024637644923733,-0.8042063031497791,-0.45203359394037035,0.3496315716769452,-0.49628417525948726,-0.036609518808885466,-0.11500247340191565,-0.041209918241895994,-0.009679165710237038,-0.013149864040606297,-0.18128870498259042,-0.07703202642643925,0.47569278684342126,-0.0013514056455833673,-0.5213755856218792,-0.08003841901485727,0.09402301476197972,-0.11334290814047901,-0.007917176030721758,-0.18223915102400545,-0.09906170038344883,-0.18886755727307628,-0.1684607987852684,-0.3141690938223369,-0.07778072635670785,-0.31415856888235094,-0.30506642101953546,-0.014741335287755725,-0.01662127330365834,-0.08143329377456575,0,-0.08650501930317857
-1.7317882591667075,192.168.10.5-23.15.4.18-49190-80-6,192.168.10.5,0.12663300968159388,23.15.4.18,-0.31915493245738025,-0.7232493275194589,2017-07-07 12:02:25.576512,0.1162557036696861,0.0312558172565471,0.02922537220446411,0.41714737715588457,0.01970494930992815,0.32491639477065354,-0.4844876123523648,0.21818945068813117,0.4599476046292642,0.478558523477415,-0.5685433340914545,1.1999886177146177,0.00420776171983454,-0.10009914431911424,-0.2560503365844288,-0.14831657924807937,-0.11527596783477127,0.08250927961348158,-0.02753401476430393,0.11823705528962877,-0.1252197437492697,-0.019494790776315173,0.0846136810317863,-0.09998084819170193,0.16188800478626633,-0.12643912257026726,0.06234256438418355,0.1802378525387518,-0.10587066025809766,1.184454247356809,0.3118668394985899,0.0,0.0,-0.2671501920824565,-0.6654438825808668,0.7930125615343547,0.8383937653637051,-0.23335512411326398,-0.25274972921426414,-0.6129360503965483,0.46432821065448787,1.8750951315337192,0.46653475620706414,-0.08505455713750598,-0.6340298849459857,1.1444326618450769,-0.5834809986940462,0.5622037351369011,0.030803819627049006,0.0,-0.008561555460245488,-0.013024637644923733,1.4469058903681693,1.8750951315337188,0.21818945068813123,1.199988617714618,-0.036609518808885466,-0.11500247340191565,-0.041209918241895994,0.02796823553886682,0.04791378739502734,1.6304241774189336,-0.07703202642643925,0.16581550977393972,-0.0013514056455833673,1.8442363056284747,-0.08003841901485727,0.13724478452277272,0.8547677640692403,-0.007917176030721758,-0.18223915102400545,-0.09906170038344883,-0.18886755727307628,-0.1684607987852684,-0.3141690938223369,-0.07778072635670785,-0.31415856888235094,-0.30506642101953546,-0.014741335287755725,-0.01662127330365834,-0.01753601777835717,0,-0.08650501930317857
-1.7317819326991157,192.168.10.8-224.0.0.22-0-0-0,192.168.10.8,-2.9401031595358047,224.0.0.22,-0.32845266209945145,-1.8697040357874233,2017-07-07 12:01:11.448870,0.9998136366449907,-0.0026611167618304857,-0.010800870773434959,-0.12134349372250963,-0.007192164007694782,-0.2618682745424987,-0.4844876123523648,-0.3143032343408521,-0.2187323574701005,-0.535666531292631,-0.5685433340914545,-0.5881525601546694,-0.4965478017276544,-0.10142982586940365,-0.25610333905140625,1.8261582911997256,2.100650941158118,2.133859222568853,-0.025058644499618494,1.002567350541686,0.5800644427755914,3.0981307413892374,2.13670199960219,-0.09961261753610072,-0.30780311864031595,-0.1728535412797156,-0.24373888953991465,-0.25964622509051544,-0.1058772288212657,-0.2299916552019907,-0.08064780763177311,0.0,0.0,-0.2671501920824565,-0.6654438825808668,-0.23436048516423358,-0.1830032122238224,-0.23339382186985813,-0.2528141962513848,-0.6129360503965483,-0.5444701219566618,-0.6741920628749661,-0.5575985117154051,-0.4254611401582919,-0.6340298849459857,-1.1229701496826026,-0.5834809986940462,-0.1267994630972131,-0.010564307136767039,0.0,-0.008561555460245488,-0.013024637644923733,-4.499428205716978,-0.6741920628749659,-0.3143032343408521,-0.5881525601546692,-0.036609518808885466,-0.11500247340191565,-0.041209918241895994,-0.009679165710237038,-0.013149864040606297,-0.18128870498259042,12.98161357542551,-0.3506466186751962,-0.0013514056455833673,-0.6201922848766409,-0.7311242645047866,-0.14935671258153319,-0.30696504258242285,-1.826944179997642,-0.11703475350122956,0.021893021557481202,-0.11359529120658973,-0.14593337236030307,1.1968525228723594,8.822369581120306,2.1491388947582966,0.1891746599348802,-0.014741335287755725,-0.01662127330365834,-0.0822165991513756,0,-0.08650501930317857
-1.731775606231524,192.168.10.9-172.217.11.46-1079-443-6,192.168.10.9,-2.8728332199833435,172.217.11.46,-0.276966484206482,-0.7232493275194589,2017-07-07 12:02:40.891298,2.054892427450292,1.7764362403839757,2.049978839117254,16.526540537829433,1.6242683954064825,3.1297874429307733,-0.4844876123523648,0.09690340789297086,1.237929327425109,1.0575698817999035,-0.5685433340914545,1.518466302736179,0.2007759834493435,-0.08589418706982216,-0.25560697166643004,-0.20856755313231465,-0.05323362922493054,4.660408293570127,-0.02753401476430393,2.0585684386028964,-0.17497559352220574,0.15879647388252627,4.670640065967934,-0.09998058232119247,2.109225029985597,-0.16834446610828216,0.15909871389608388,4.8605662337516256,-0.10587709476895615,21.222437866939806,22.8160399416394,0.0,0.0,-0.2671501920824565,-0.6654438825808668,40.10391501730533,-42.47916681782869,-0.23306689627918026,-0.25216560091147533,-0.6129360503965483,1.0402415053335243,2.6156321741325486,0.7462483387191184,0.1262835556089035,-0.6340298849459857,1.1444326618450769,-0.5834809986940462,25.194068072006484,1.9343942876953462,0.0,-0.008561555460245488,-0.013024637644923733,3.1477608478874917,2.6156321741325606,0.09690340789297106,1.5184663027361818,-0.036609518808885466,-0.11500247340191565,-0.041209918241895994,0.2765734449529119,0.42447297124810146,0.5047277298383988,-0.07703202642643925,0.000547628670216215,-0.0013514056455833673,2.6078198907789054,-0.08003841901485727,0.267167366244204,17.31264919163447,-0.007917176030721758,4.874391237170794,-0.09906170038344883,3.274579586600893,5.385192493789645,4.809418752415593,-0.07778072635670785,4.663545655147099,4.899480915038007,-0.014741335287755725,-0.01662127330365834,0.24878077146016192,0,-0.08650501930317857
-1.7317692797639321,192.168.10.17-206.108.0.131-123-123-17,192.168.10.17,-2.93243476049507,206.108.0.131,-0.31415740277476695,1.3785843043051424,2017-07-07 12:01:48.151377,3.861867577498331,0.0019639196952210033,0.0006351986488219175,0.034083817174441186,-0.0069471017600540065,-0.16507905073826745,1.0380600639759594,0.1314152368319349,-0.2187323574701005,-0.5189943386114796,0.12935092773311405,-0.5311308040128323,-0.4965478017276544,-0.10142720103074873,-0.25610351133371356,1.7916525301403623,2.7370796387070073,4.923186326208389,-0.007876662662390168,3.8662791013071196,1.3992888084802941,5.591656016074961,4.928911426779966,0.16580644379820314,3.9234592666189765,1.4067457418338183,5.549780099181527,5.128153558442851,0.16212524242261656,-0.2299916552019907,-0.08064780763177311,0.0,0.0,-0.2671501920824565,-0.6654438825808668,-0.09552628966442436,-0.06823950687690919,-0.2333957399515985,-0.25281213943986836,1.3446710650832692,-0.5278871356671634,-0.5300892722146879,-0.5575985117154051,-0.4254611401582919,-0.6340298849459857,-1.1229701496826026,-0.5834809986940462,-0.1267994630972131,-0.010564307136767039,0.0,-0.008561555460245488,-0.013024637644923733,0.42753433103928706,-0.5300892722146877,0.1314152368319349,-0.5311308040128322,-0.036609518808885466,-0.11500247340191565,-0.041209918241895994,-0.009679165710237038,-0.013149864040606297,-0.18128870498259042,-0.07703202642643925,0.14515702463597427,-0.0013514056455833673,-0.5483255945095415,-0.7311242645047866,-0.14935671258153319,1.4356341673950719,-1.0993333784108739,5.297440285709079,8.932442106059638,5.430875300741006,-0.13538416237717416,2.526261883259522,13.595087092458183,4.925060806121572,1.0187563814918048,-0.014741335287755725,-0.01662127330365834,-0.0822165991513756,0,-0.08650501930317857
-1.7317629532963403,192.168.10.8-192.168.10.3-123-123-17,192.168.10.8,-2.93243476049507,192.168.10.3,-0.31415740277476695,1.3785843043051424,2017-07-07 12:02:36.311852,2.157320788488503,-0.004202795580847649,-0.003939229120080833,-0.028087107184339145,-0.007045126659110316,-0.16507905073826745,1.0380600639759594,0.1314152368319349,-0.2187323574701005,-0.5189943386114796,0.12935092773311405,-0.5311308040128323,-0.4965478017276544,-0.10142718225625455,-0.2561034975815259,1.8498794631006166,3.6718110597801297,5.098165470758173,-0.027531334825367064,2.1610825016642177,1.5139992024357587,8.127019922932483,5.102080846739802,-0.09998058232119247,2.2134327073418683,1.5213397025334114,8.019080718991066,5.305263013042222,-0.10587682666433705,-0.2299916552019907,-0.08064780763177311,0.0,0.0,-0.2671501920824565,-0.6654438825808668,-0.15105996786434805,-0.11414498901567448,-0.23339572831727212,-0.2528121247282609,1.3446710650832692,-0.5278871356671634,-0.5300892722146879,-0.5575985117154051,-0.4254611401582919,-0.6340298849459857,-1.1229701496826026,-0.5834809986940462,-0.1267994630972131,-0.010564307136767039,0.0,-0.008561555460245488,-0.013024637644923733,0.42753433103928706,-0.5300892722146877,0.1314152368319349,-0.5311308040128322,-0.036609518808885466,-0.11500247340191565,-0.041209918241895994,-0.009679165710237038,-0.013149864040606297,-0.18128870498259042,-0.07703202642643925,0.14515702463597427,-0.0013514056455833673,-0.5483255945095415,-0.7311242645047866,-0.14935671258153319,0.6611456296272964,-1.0993333784108739,1.8695964647486458,-0.09906170038344883,1.216499981500832,2.0850524597596785,5.257839989974138,-0.07778072635670785,5.099199020586834,5.354987803454216,-0.014741335287755725,-0.01662127330365834,-0.0822165991513756,0,-0.08650501930317857
-1.7317566268287488,192.168.10.9-72.21.91.29-1071-80-6,192.168.10.9,-2.873331977644529,72.21.91.29,-0.31915493245738025,-0.7232493275194589,2017-07-07 12:02:38.235799,4.231698015051496,0.028172459618512773,0.016645695839981545,1.1499223866554673,-0.0031282150676519124,0.6152840661833475,-0.4844876123523648,1.0359210849680691,1.0126538874638316,-0.25918600266353625,-0.5685433340914545,-0.19414806459128126,-0.1874695324673009,-0.10139994773646449,-0.2561009265415836,0.6138667406952755,0.5690121179592171,0.5100074327682259,-0.027460763100029588,4.23637341054885,0.4133891843464647,1.0680173886894815,0.5142806620591749,-0.0999480131837837,4.29457872475062,0.4994637668131165,1.155808084315826,0.6134002069817172,-0.10576475893355168,1.8916771986362089,0.5735432709188318,0.0,0.0,-0.2671501920824565,-0.6654438825808668,0.7444205931094214,0.7121536894821007,-0.23339332890966508,-0.252809657963034,-0.6129360503965483,-0.2694689326558141,0.025483496678982583,-0.17655782410759302,-0.3783387070466475,-0.6340298849459857,1.1444326618450769,-0.5834809986940462,0.9641222674401344,0.022267539501182203,0.0,-0.008561555460245488,-0.013024637644923733,-0.11990595082252038,0.025483496678982923,1.0359210849680691,-0.1941480645912811,-0.036609518808885466,-0.11500247340191565,-0.041209918241895994,-0.009679165710237038,-0.013149864040606297,-0.18128870498259042,-0.07703202642643925,1.2193982518101771,-0.0013514056455833673,-0.15305879749049503,-0.08003841901485727,-0.07114589110962205,3.5654776462564537,-0.007917176030721758,1.051425191487191,5.020630450407488,4.539152350080312,-0.13328180208975626,0.5534706177680269,-0.03353090483876089,0.5330911539851294,0.560832666273862,-0.014741335287755725,-0.01662127330365834,0.5478155868926724,0,-0.08650501930317857
-1.731750300361157,192.168.10.17-52.60.76.61-123-123-17,192.168.10.17,-2.93243476049507,52.60.76.61,-0.31415740277476695,1.3785843043051424,2017-07-07 12:01:50.150839,3.9388518494606553,0.0019639196952210033,0.0006351986488219175,0.034083817174441186,-0.0069471017600540065,-0.16507905073826745,1.0380600639759594,0.1314152368319349,-0.2187323574701005,-0.5189943386114796,0.12935092773311405,-0.5311308040128323,-0.4965478017276544,-0.10142724809593497,-0.2561035458086382,1.828307062775742,2.823558869510646,5.092411848363845,-0.0008346764492846849,3.9430149875629663,1.4280473450648827,5.777729154169499,5.098859201541614,0.16587915938254028,4.0004285398150055,1.4354796273016106,5.731051770041102,5.301995569062843,0.16215808523845676,-0.2299916552019907,-0.08064780763177311,0.0,0.0,-0.2671501920824565,-0.6654438825808668,-0.09552628966442436,-0.06823950687690919,-0.2333957691173237,-0.25281217631993214,1.3446710650832692,-0.5278871356671634,-0.5300892722146879,-0.5575985117154051,-0.4254611401582919,-0.6340298849459857,-1.1229701496826026,-0.5834809986940462,-0.1267994630972131,-0.010564307136767039,0.0,-0.008561555460245488,-0.013024637644923733,0.42753433103928706,-0.5300892722146877,0.1314152368319349,-0.5311308040128322,-0.036609518808885466,-0.11500247340191565,-0.041209918241895994,-0.009679165710237038,-0.013149864040606297,-0.18128870498259042,-0.07703202642643925,0.14515702463597427,-0.0013514056455833673,-0.5483255945095415,-0.7311242645047866,-0.14935671258153319,1.4356341673950719,-1.0993333784108739,5.308252961141913,10.330180268222534,7.304582039562622,-0.12373813382416816,2.5835946635261577,14.208228367376348,5.093473049454483,1.0180522986106386,-0.014741335287755725,-0.01662127330365834,-0.0822165991513756,0,-0.08650501930317857
-1.7317439738935652,192.168.10.17-144.217.164.10-123-123-17,192.168.10.17,-2.93243476049507,144.217.164.10,-0.31415740277476695,1.3785843043051424,2017-07-07 12:01:49.150821,3.9383124020589544,0.0019639196952210033,0.0006351986488219175,0.034083817174441186,-0.0069471017600540065,-0.16507905073826745,1.0380600639759594,0.1314152368319349,-0.2187323574701005,-0.5189943386114796,0.12935092773311405,-0.5311308040128323,-0.4965478017276544,-0.10142724777201063,-0.25610354557136583,1.8280502156057068,2.836767901341902,5.093555760504869,-0.01309629039842662,3.9430148724907244,1.4280473019389157,5.806590190705695,5.098853678332828,0.1658757030659173,4.000414114935312,1.4354742422586733,5.759105586528492,5.301942907598707,0.16220098197751337,-0.2299916552019907,-0.08064780763177311,0.0,0.0,-0.2671501920824565,-0.6654438825808668,-0.09552628966442436,-0.06823950687690919,-0.23339576891659172,-0.2528121760661065,1.3446710650832692,-0.5278871356671634,-0.5300892722146879,-0.5575985117154051,-0.4254611401582919,-0.6340298849459857,-1.1229701496826026,-0.5834809986940462,-0.1267994630972131,-0.010564307136767039,0.0,-0.008561555460245488,-0.013024637644923733,0.42753433103928706,-0.5300892722146877,0.1314152368319349,-0.5311308040128322,-0.036609518808885466,-0.11500247340191565,-0.041209918241895994,-0.009679165710237038,-0.013149864040606297,-0.18128870498259042,-0.07703202642643925,0.14515702463597427,-0.0013514056455833673,-0.5483255945095415,-0.7311242645047866,-0.14935671258153319,1.4356341673950719,-1.0993333784108739,5.28970987446889,10.329757892136847,7.291652040447572,-0.14398663162440933,2.584778826720471,14.367252697642716,5.094611464082441,0.842510983986632,-0.014741335287755725,-0.01662127330365834,-0.0822165991513756,0,-0.08650501930317857
-1.7317376474259734,192.168.10.17-192.168.10.255-138-138-17,192.168.10.17,-2.931499589880346,192.168.10.255,-0.3124140784668786,1.3785843043051424,2017-07-07 12:01:40.078819,2.0010794832175574,0.023547423161461287,-0.010800870773434959,1.7049274093166624,-0.007192164007694782,0.21199563366571703,6.969652053005055,1.867860114109251,-0.2187323574701005,-0.535666531292631,-0.5685433340914545,-0.5881525601546694,-0.4965478017276544,-0.10140222362074969,-0.2561013042825637,0.710614051246231,2.3504038213557825,4.879798444566267,-0.027533121451324975,2.004708453778283,0.16377272627503853,3.461384842940612,4.883629611985577,-0.09998084819170193,-0.30780311864031595,-0.1728535412797156,-0.24373888953991465,-0.25964622509051544,-0.1058772288212657,-0.2299916552019907,-0.08064780763177311,0.0,0.0,-0.2671501920824565,-0.6654438825808668,0.09884158403530854,-0.1830032122238224,-0.2333903790481815,-0.2528141962513848,8.971182119140058,-0.46328258491432606,0.03131118306597929,-0.5575985117154051,-0.4254611401582919,-0.6340298849459857,-1.1229701496826026,-0.5834809986940462,-0.1267994630972131,-0.010564307136767039,0.0,-0.008561555460245488,-0.013024637644923733,-4.499428205716978,0.03131118306597946,1.867860114109251,-0.5881525601546692,1.8490971033675594,8.013620410844087,43.79542979265041,-0.009679165710237038,-0.013149864040606297,-0.18128870498259042,12.98161357542551,4.504097388746682,-0.0013514056455833673,-0.6201922848766409,-0.7311242645047866,-0.14935671258153319,4.146344049582286,-1.0993333784108739,-0.18221054005536885,-0.09906170038344883,-0.18884796070975238,-0.16842937560659524,5.03415339560246,-0.07778072635670785,4.881881441757727,5.1277666639350175,-0.014741335287755725,-0.01662127330365834,-0.0822165991513756,0,-0.08650501930317857
-1.7317313209583816,192.168.10.14-64.4.54.254-49451-443-6,192.168.10.14,0.14290497837778704,64.4.54.254,-0.276966484206482,-0.7232493275194589,2017-07-07 12:03:00.773286,4.130298766053486,0.06825610891295901,0.03265619303114117,10.424399550635604,-0.0024287665691771973,3.974676709055209,-0.4844876123523648,5.391734174918317,3.1137683300298415,-0.028554003907607994,-0.5685433340914545,-0.29647877462652256,-0.2258231069827597,-0.10132212463374639,-0.25609720943301134,0.23487745352804773,0.6296510022742007,2.195863558670901,-0.027491135741314073,4.135788993914522,0.10917632887010537,1.3245504295459174,2.198728653929347,-0.09994668383123641,4.189546328939313,0.23553579177777995,1.6554705986533664,2.344906627661537,-0.10587079431040722,7.7852017926312085,1.0968961337593157,0.0,0.0,-0.2671501920824565,-0.6654438825808668,1.62601773453321,0.9244665443738901,-0.23338926163538978,-0.2528068481675009,-0.6129360503965483,0.1813810070899223,0.7080466557798728,0.050545477148583456,-0.30542892002570915,-0.6340298849459857,1.1444326618450769,-0.5834809986940462,2.858881062583948,0.048533016811541596,0.0,-0.008561555460245488,-0.013024637644923733,-0.9668890284200333,0.708046655779873,5.391734174918318,-0.2964787746265224,-0.036609518808885466,-0.11500247340191565,-0.041209918241895994,-0.009679165710237038,-0.013149864040606297,-0.18128870498259042,-0.07703202642643925,7.024432575578465,-0.0013514056455833673,-0.3147588508164686,-0.08003841901485727,-0.018147768664840174,6.276187528443668,-0.007917176030721758,3.83667607590043,7.533608987796168,6.268814083604718,0.03901298291696632,0.8813079769069236,4.901534730198276,2.2108452449961824,0.16187735072259052,-0.014741335287755725,-0.01662127330365834,0.5338860445018294,0,-0.08650501930317857
-1.7317249944907898,192.168.10.25-17.253.14.125-123-123-17,192.168.10.25,-2.93243476049507,17.253.14.125,-0.31415740277476695,1.3785843043051424,2017-07-07 12:02:55.371187,2.1756039777418086,-0.0103695108569163,-0.008513656888983583,-0.09025803154311947,-0.007143151558166627,-0.16507905073826745,1.0380600639759594,0.1314152368319349,-0.2187323574701005,-0.5189943386114796,0.12935092773311405,-0.5311308040128323,-0.4965478017276544,-0.10142895103262471,-0.2561047931980304,7.413828200763487,7.524432253078947,5.2626661014868485,-0.006752874934864266,2.178493200388784,8.35667274678644,-0.3569248911716822,5.268614853609978,8.673457228594097,2.2308908122715296,8.356769236440227,-0.24373888953991465,5.475568971455699,8.741279348155658,-0.2299916552019907,-0.08064780763177311,0.0,0.0,-0.2671501920824565,-0.6654438825808668,-0.20659364606427175,-0.16005047115443977,-0.2333968244065411,-0.25281351073330216,1.3446710650832692,-0.5278871356671634,-0.5300892722146879,-0.5575985117154051,-0.4254611401582919,-0.6340298849459857,-1.1229701496826026,-0.5834809986940462,-0.1267994630972131,-0.010564307136767039,0.0,-0.008561555460245488,-0.013024637644923733,0.42753433103928706,-0.5300892722146877,0.1314152368319349,-0.5311308040128322,-0.036609518808885466,-0.11500247340191565,-0.041209918241895994,-0.009679165710237038,-0.013149864040606297,-0.18128870498259042,-0.07703202642643925,0.14515702463597427,-0.0013514056455833673,-0.5483255945095415,-0.7311242645047866,-0.14935671258153319,-0.11334290814047901,-1.0993333784108739,-0.15049596253525402,-0.09906170038344883,-0.16712563685004378,-0.13359753021832935,5.426347967123365,-0.07778072635670785,5.262909079789637,5.526158430346154,-0.014741335287755725,-0.01662127330365834,-0.0822165991513756,0,-0.08650501930317857
-1.7317186680231982,192.168.10.5-192.168.10.3-49159-445-6,192.168.10.5,0.12470032374449815,192.168.10.3,-0.2767340409654302,-0.7232493275194589,2017-07-07 12:03:06.417881,3.094689672853058,0.0019639196952210033,0.0006351986488219175,-0.1187530385408938,-0.0071911429149962795,-0.2598518323799106,-0.4844876123523648,-0.306874593154639,-0.21624427624007525,-0.535319193945107,-0.5685433340914545,-0.5879149695040784,-0.4962227146836011,-0.1014297924459845,-0.2561030836972162,1.4263760025306147,2.025871487483164,2.2072229196667656,-0.027531334825367064,3.0992730502427865,1.1118356668486167,4.108422776309444,2.2100951626919687,-0.09998058232119247,3.1542869073853503,1.1196011507848453,4.105230589821964,2.347668052324641,-0.10587682666433705,-0.2299916552019907,-0.08064780763177311,0.0,0.0,-0.2671501920824565,-0.6654438825808668,0.15437526223523224,0.24162249755975648,-0.23339537817187883,-0.25281168196935977,-0.6129360503965483,-0.5441246430756305,-0.6726909921389216,-0.5569963709468561,-0.4254610224841426,-0.6340298849459857,-1.1229701496826026,-0.5834809986940462,-0.1267994630972131,0.002568431518412658,0.0,-0.008561555460245488,-0.013024637644923733,0.42753433103928706,-0.6726909921389214,-0.306874593154639,-0.5879149695040783,-0.036609518808885466,-0.11500247340191565,-0.041209918241895994,-0.009679165710237038,-0.013149864040606297,-0.18128870498259042,-0.07703202642643925,-0.3506466186751962,-0.0013514056455833673,-0.6201922848766409,-0.7108573100858496,0.3788236047929192,1.0483898985111841,-0.007917176030721758,-0.1606587602519125,-0.02782530270669464,-0.1446455792084775,-0.16839196706055579,2.2948755887878174,-0.0625017810790415,2.222150014180966,2.3422936088350497,-0.014741335287755725,-0.01662127330365834,1.1085435392188454,0,-0.08650501930317857
-1.7317123415556064,192.168.10.14-13.82.187.188-49450-443-6,192.168.10.14,0.14284263367013877,13.82.187.188,-0.276966484206482,-0.7232493275194589,2017-07-07 12:02:58.712310,3.658376298124042,0.13763165576873135,0.08183129154684574,35.08618049341387,-0.0006428754394950419,11.352838581965258,-0.4844876123523648,9.988198757712109,8.123936028820351,-0.028554003907607994,-0.5685433340914545,-0.40001596350150936,-0.2516222600759561,-0.10108060741381726,-0.25608735346758577,-0.011976384366960828,0.3639990469369896,2.7814851619044605,-0.027531334825367064,3.663453994901175,-0.042324200460732514,0.8864391504517599,2.784561049433113,-0.09997925296864518,3.717088821318196,-0.0038157855320159377,1.0869237194232184,2.9429289977854345,-0.10587682666433705,10.614093597748807,1.4894107808896788,0.0,0.0,-0.2671501920824565,-0.6654438825808668,3.1879024339060633,2.1581763768532074,-0.23338061772257876,-0.25279669126507276,-0.6129360503965483,1.4454882327831404,1.3645471162547012,0.8112302813629476,0.1826504293831897,-0.6340298849459857,1.1444326618450769,-0.5834809986940462,3.8923858599351195,0.10631706689433228,0.0,-0.008561555460245488,-0.013024637644923733,-0.42714284370414646,1.364547116254701,9.988198757712109,-0.40001596350150925,9.11174235991308,2.5945384880134186,9.135310336941897,-0.009679165710237038,-0.013149864040606297,-0.18128870498259042,-0.07703202642643925,12.189053860069825,-0.0013514056455833673,-0.4075866592073053,-0.08003841901485727,-0.017375951347683157,13.82745077167948,-0.007917176030721758,18.642035667615865,57.717856117844484,36.58940165405449,0.40104092075216813,1.518029815885776,7.319727527871529,2.793652416683784,0.6365553394514651,-0.014741335287755725,-0.01662127330365834,0.46905653060332403,0,-0.08650501930317857
-1.7317060150880146,192.168.10.5-192.168.10.3-123-123-17,192.168.10.5,-2.93243476049507,192.168.10.3,-0.31415740277476695,1.3785843043051424,2017-07-07 12:03:03.449655,2.0987127945645607,-0.007286153218881975,-0.006226443004532208,-0.05917256936372931,-0.007094139108638472,-0.16507905073826745,1.0380600639759594,0.1314152368319349,-0.2187323574701005,-0.5189943386114796,0.12935092773311405,-0.5311308040128323,-0.4965478017276544,-0.1014280213575783,-0.25610411221746426,2.9545977914508295,4.681039758078333,5.096180719062385,-0.027531334825367064,2.1024230837680435,2.5787053099187536,10.653670257106608,5.100097589923699,-0.09998058232119247,2.154606509296061,2.5849195265668974,10.479861075927477,5.303229029165058,-0.10587682666433705,-0.2299916552019907,-0.08064780763177311,0.0,0.0,-0.2671501920824565,-0.6654438825808668,-0.1788268069643099,-0.13709773008505713,-0.23339624829818775,-0.25281278224420495,1.3446710650832692,-0.5278871356671634,-0.5300892722146879,-0.5575985117154051,-0.4254611401582919,-0.6340298849459857,-1.1229701496826026,-0.5834809986940462,-0.1267994630972131,-0.010564307136767039,0.0,-0.008561555460245488,-0.013024637644923733,0.42753433103928706,-0.5300892722146877,0.1314152368319349,-0.5311308040128322,-0.036609518808885466,-0.11500247340191565,-0.041209918241895994,-0.009679165710237038,-0.013149864040606297,-0.18128870498259042,-0.07703202642643925,0.14515702463597427,-0.0013514056455833673,-0.5483255945095415,-0.7311242645047866,-0.14935671258153319,0.2739013607434087,-1.0993333784108739,-0.1821083580245239,-0.09906170038344883,-0.18877797298359558,-0.16831714996847685,5.255806888387116,-0.07778072635670785,5.097223807384423,5.352922576163063,-0.014741335287755725,-0.01662127330365834,-0.0822165991513756,0,-0.08650501930317857
-1.7316996886204228,192.168.10.14-192.168.10.3-49414-445-6,192.168.10.14,0.1405982241948018,192.168.10.3,-0.2767340409654302,-0.7232493275194589,2017-07-07 